station_name,pagerank,betweenness,out_strength,in_strength,z_pagerank,z_betweenness,z_out_strength,z_in_strength,bridge_vs_popularity,pagerank_eps,betweenness_eps
Kalasatama (M),0.00800903858639393,0.4518120805369128,139210.0,144512.0,3.4686419705584437,10.435724071355073,2.65752944963144,2.7654799137115877,6.967082100796629,0.00800904858639393,0.4518120905369128
Arabian kauppakeskus,0.0068730581233710855,0.32286713208098655,112163.0,117233.0,2.7871476629954777,7.374131186844234,2.000597085494705,2.107865242636481,4.586983523848756,0.0068730681233710855,0.32286714208098655
Viikin tiedepuisto,0.00491552130182351,0.24181208053691278,28843.0,28938.0,1.61278750086763,5.44960779889766,-0.023124753521553323,-0.020661733520143742,3.8368202980300303,0.00491553130182351,0.24181209053691277
Haukilahdenkatu,0.0048840048987849015,0.2193400447427293,74189.0,75647.0,1.593880266135337,4.916045021047071,1.0782637547841505,1.1053518179754083,3.322164754911734,0.004884014898784901,0.2193400547427293
Niittykumpu (M),0.006702965030899037,0.22617562083347384,55255.0,55208.0,2.6851058779043626,5.078344912369367,0.6183843824853767,0.6126289812840301,2.3932390344650045,0.006702975030899037,0.22617563083347383
Ala-Malmin tori,0.0028955793468848257,0.12484120827852911,2937.0,3025.0,0.40098942096470125,2.6723203247497356,-0.6523438841211116,-0.6453462517051668,2.271330903785034,0.0028955893468848256,0.1248412182785291
Petter Wetterin tie,0.0066161269398633885,0.20787382100659899,45805.0,46752.0,2.6330102066786867,4.643797760312039,0.38885760165600036,0.4087802456774791,2.0107875536333526,0.006616136939863388,0.20787383100659898
Sörnäinen (M),0.006933584387633229,0.21375333041044145,155498.0,149751.0,2.823458414716454,4.7833973675147305,3.053141323297988,2.8917764517724582,1.9599389527982765,0.006933594387633229,0.21375334041044144
Viikin normaalikoulu,0.002762589621847783,0.10341163310961969,12387.0,14757.0,0.3212065870804481,2.1635091177899803,-0.4228171032917351,-0.362523005946409,1.8423025307095322,0.002762599621847783,0.10341164310961969
Voikukantie,0.00411454675373133,0.13188987442806874,14168.0,14026.0,1.1322690299996476,2.8396797008799224,-0.37955919888357437,-0.3801452180713368,1.7074106708802748,0.00411455675373133,0.13188988442806873
Huopalahden asema,0.0023012505518769993,0.08457275190269019,20801.0,20549.0,0.04444130785648702,1.7162098218815838,-0.21845325843476443,-0.22289530057352078,1.6717685140250969,0.0023012605518769992,0.08457276190269018
Kurkimäentie,0.00111072452912354,0.05399480624599507,1290.0,1277.0,-0.6697758234426673,0.9901850960855555,-0.6923471230656599,-0.6874852760476753,1.6599609195282228,0.0011107345291235398,0.05399481624599507
Rastila (M),0.0021411665044523947,0.07767337807606264,3333.0,3320.0,-0.05159587817152133,1.5523951547067534,-0.64272561901969,-0.6382346886725353,1.6039910328782747,0.0021411765044523946,0.07767338807606264
Ooppera,0.006114478851165013,0.17507829977628636,140027.0,142038.0,2.3320628506492813,3.8651202266444944,2.6773731935401806,2.7058392122108064,1.533057375995213,0.006114488851165013,0.17507830977628636
Laajalahden aukio,0.004823690054656351,0.133531190628759,65473.0,72808.0,1.5576963490054805,2.878650145720445,0.8665647683599341,1.0369120639088287,1.3209537967149645,0.004823700054656351,0.133531200628759
Pohjois-Haagan asema,0.0021057737944737737,0.06193158184659314,13454.0,13459.0,-0.07282857641306861,1.1786312197664361,-0.3969012223240161,-0.39381388328998795,1.2514597961795046,0.0021057837944737736,0.061931591846593144
Lintulahdenkatu,0.005300142218490102,0.1394331838161726,108722.0,111426.0,1.8435282343661967,3.0187835946332817,1.917020191014929,1.9678759323636283,1.175255360267085,0.005300152218490102,0.13943319381617258
Kauppakeskus Kaari,0.002164672256074863,0.05814317673378076,4782.0,4758.0,-0.037494371634098626,1.0886815608156997,-0.6075315126258524,-0.6035688322626228,1.1261759324497982,0.002164682256074863,0.058143186733780765
Karviaistie,0.0008559763532235842,0.023914988814317674,727.0,726.0,-0.8226036557769438,0.27598763337777066,-0.7060215757224789,-0.7007682293730312,1.0985912891547145,0.0008559863532235843,0.023914998814317676
Tilkanvierto,0.0042614195431840175,0.10993288590604028,72103.0,73588.0,1.2203805541024066,2.318345902004462,1.0275978431640362,1.055715518706973,1.0979653479020555,0.0042614295431840175,0.10993289590604027
Huopalahdentie,0.005829397883094325,0.14542505592841165,84510.0,86918.0,2.161037852193118,3.1610510757824195,1.328945861127007,1.3770617398085963,1.0000132235893013,0.005829407883094325,0.14542506592841165
Myllypuro (M),0.0034681427847638884,0.07826605061099681,11319.0,10762.0,0.7444801202633005,1.5664672221861526,-0.44875727280769007,-0.4588304443035721,0.8219871019228522,0.0034681527847638884,0.07826606061099681
Lehtisaarentie,0.002362067221548464,0.04894854586129754,27643.0,29791.0,0.08092627880022313,0.8703696626608051,-0.05227101140464874,-9.84682088395832e-05,0.7894433838605819,0.002362077221548464,0.048948555861297545
Paloheinäntie,0.0008900561847982268,0.011666666666666667,1269.0,1387.0,-0.802158575974232,-0.014829311244625536,-0.6928571825786142,-0.6848335067812703,0.7873292647296065,0.0008900661847982269,0.011666676666666667
Ramsinniementie,0.0014381804267065514,0.02531674030105786,2050.0,1946.0,-0.4733293726059012,0.3092699947967069,-0.6738878264063662,-0.6713576975092668,0.7825993674026082,0.0014381904267065514,0.02531675030105786
Derby Business Park,0.00044669540937719083,0.0,877.0,932.0,-1.0681383656636807,-0.29183577082559287,-0.702378293487092,-0.6958021887468545,0.7763025948380878,0.0004467054093771908,1e-08
Kuusisaari,0.00045576705686500065,0.0,1783.0,1802.0,-1.0626961275932219,-0.29183577082559287,-0.680372868785355,-0.6748291045489242,0.770860356767629,0.00045577705686500065,1e-08
Jollas,0.000496318534970617,0.0,808.0,1075.0,-1.038368595217618,-0.29183577082559287,-0.7040542033153699,-0.6923548887005281,0.7465328243920252,0.000496328534970617,1e-08
Hagalundinpuisto,0.000505154873961855,0.0,2008.0,1687.0,-1.0330675227799802,-0.29183577082559287,-0.6749079454322745,-0.6776014087819839,0.7412317519543873,0.000505164873961855,1e-08
Hankasuontie,0.000878426001744842,0.009407158836689038,1041.0,1068.0,-0.8091357237375889,-0.06847773390556074,-0.6983949715764023,-0.6925236376538447,0.7406579898320281,0.000878436001744842,0.009407168836689038
Kalannintie,0.0005467627930202155,0.0,309.0,294.0,-1.0081062132233358,-0.29183577082559287,-0.7161741888850904,-0.7111824504920035,0.716270442397743,0.0005467727930202155,1e-08
Luoteisväylä,0.002255845367718233,0.043101413105797445,34945.0,36482.0,0.017201953355875994,0.7315387875207204,0.12508396781398687,0.16120142416857675,0.7143368341648444,0.002255855367718233,0.04310142310579745
Tuohipolku,0.0005542627257639819,0.0,383.0,328.0,-1.003606873984366,-0.29183577082559287,-0.714376836315633,-0.710362812718751,0.7117711031587731,0.000554272725763982,1e-08
Jakomäentie,0.0008358295460551887,0.006991051454138703,492.0,475.0,-0.8346900734995646,-0.12584436407764985,-0.7117293845579185,-0.7068190846991007,0.7088457094219147,0.0008358395460551887,0.006991061454138703
Paloheinän kirjasto,0.0005683023438050753,0.0,533.0,525.0,-0.9951842645409754,-0.29183577082559287,-0.710733554080246,-0.705613735032553,0.7033484937153826,0.0005683123438050753,1e-08
Lettopolku,0.0005698531951609308,0.0,314.0,299.0,-0.9942538820165441,-0.29183577082559287,-0.7160527461439109,-0.7110619155253487,0.7024181111909512,0.0005698631951609308,1e-08
Koivusaari (M),0.0005713417983619832,0.0,3073.0,3243.0,-0.9933608432357205,-0.29183577082559287,-0.6490406415610274,-0.6400909271590188,0.7015250724101276,0.0005713517983619833,1e-08
Pirkkolan liikuntapuisto,0.0005730129603075784,0.0,926.0,913.0,-0.9923582843097436,-0.29183577082559287,-0.7011881546235322,-0.6962602216201427,0.7005225134841507,0.0005730229603075784,1e-08
Sallatunturintie,0.0005818248073655174,0.0,388.0,310.0,-0.9870719050060706,-0.29183577082559287,-0.7142553935744533,-0.7107967385987082,0.6952361341804777,0.0005818348073655175,1e-08
Bermudankuja,0.000593164631545571,0.0,6634.0,6653.0,-0.9802689485477287,-0.29183577082559287,-0.5625491212929418,-0.557886079900464,0.6884331777221359,0.0005931746315455711,1e-08
Kaustisentie,0.0005954090087756695,0.0,711.0,688.0,-0.9789225078684005,-0.29183577082559287,-0.7064101924942535,-0.7016842951196074,0.6870867370428076,0.0005954190087756696,1e-08
Verkkosaari,0.0005972191863330603,0.0,4517.0,4516.0,-0.9778365510749558,-0.29183577082559287,-0.6139679779083692,-0.6094027246487137,0.686000780249363,0.0005972291863330603,1e-08
Etupellonpuisto,0.0006896407631263292,0.0022371364653243847,1083.0,1128.0,-0.9223912502702186,-0.23871852066625113,-0.6973748525504939,-0.6910772180539875,0.6836727296039675,0.0006896507631263293,0.0022371464653243847
Vartioharjuntie,0.0006042253838400063,0.0,601.0,590.0,-0.9736334121354532,-0.29183577082559287,-0.7090819328002039,-0.704046780466041,0.6817976413098603,0.0006042353838400064,1e-08
Piikintie,0.0006053755171480674,0.0,588.0,599.0,-0.9729434272916149,-0.29183577082559287,-0.7093976839272708,-0.7038298175260624,0.681107656466022,0.0006053855171480675,1e-08
Malminkartanonhuippu,0.000606123257755559,0.0,577.0,478.0,-0.9724948447815044,-0.29183577082559287,-0.7096648579578658,-0.7067467637191078,0.6806590739559115,0.0006061332577555591,1e-08
Trumpettikuja,0.0006069033290525272,0.0,605.0,598.0,-0.9720268665321581,-0.29183577082559287,-0.7089847786072603,-0.7038539245193933,0.6801910957065652,0.0006069133290525272,1e-08
Vähäntuvantie,0.0006173854423079779,0.0,1283.0,1260.0,-0.9657384656772604,-0.29183577082559287,-0.6925171429033113,-0.6878950949343015,0.6739026948516675,0.000617395442307978,1e-08
Postipuisto,0.0006357322088455217,0.0,2621.0,2610.0,-0.9547319234307048,-0.29183577082559287,-0.66001906536366,-0.6553506539375129,0.6628961526051119,0.0006357422088455217,1e-08
Humikkalankuja,0.0006473267765826534,0.0,514.0,481.0,-0.9477761419109396,-0.29183577082559287,-0.7111950364967283,-0.7066744427391151,0.6559403710853468,0.0006473367765826534,1e-08
Honkasuo,0.0006627833305214251,0.0,572.0,575.0,-0.9385034881403078,-0.29183577082559287,-0.7097863006990454,-0.7044083853660053,0.646667717314715,0.0006627933305214252,1e-08
Pajupillintie,0.0006630064617985344,0.0,851.0,780.0,-0.9383696278318439,-0.29183577082559287,-0.7030097957412257,-0.6994664517331596,0.646533857006251,0.0006630164617985344,1e-08
Helluntairaitti,0.0011824169060330805,0.013098434004474274,684.0,788.0,-0.626766327813227,0.019165728857353213,-0.7070659832966232,-0.699273595786512,0.6459320566705803,0.0011824269060330805,0.013098444004474274
Lallukankuja,0.0006645890931129847,0.0,607.0,595.0,-0.9374201799611483,-0.29183577082559287,-0.7089362015107884,-0.7039262454993862,0.6455844091355555,0.0006645990931129848,1e-08
Porvarintie,0.000672383451231363,0.0,205.0,215.0,-0.9327442098527828,-0.29183577082559287,-0.7187001979016254,-0.7130869029651489,0.64090843902719,0.000672393451231363,1e-08
Länsiterminaali,0.0006774508457880657,0.0,8712.0,9190.0,-0.9297041923023235,-0.29183577082559287,-0.5120775180587148,-0.49672663781983256,0.6378684214767306,0.0006774608457880657,1e-08
Kurkimäki,0.0006788962397703564,0.0,715.0,651.0,-0.9288370754784164,-0.29183577082559287,-0.7063130383013099,-0.7025762538728527,0.6370013046528236,0.0006789062397703564,1e-08
Kivikonkaari,0.0006877631719433947,0.0,488.0,422.0,-0.9235176496624188,-0.29183577082559287,-0.7118265387508621,-0.7080967553456413,0.6316818788368259,0.0006877731719433948,1e-08
Maununneva,0.0006935243497199888,0.0,624.0,623.0,-0.9200614195709617,-0.29183577082559287,-0.7085232961907779,-0.7032512496861195,0.6282256487453688,0.0006935343497199889,1e-08
Hakuninmaa,0.000782708867237351,0.0022371364653243847,525.0,575.0,-0.8665580865566774,-0.23871852066625113,-0.7109278624661333,-0.7044083853660053,0.6278395658904263,0.000782718867237351,0.0022371464653243847
Elfvik,0.0006965548268292195,0.0,3040.0,3099.0,-0.9182433839916833,-0.29183577082559287,-0.6498421636528124,-0.6435623341986763,0.6264076131660904,0.0006965648268292196,1e-08
Tuukkalantie,0.0007062152033781228,0.0,490.0,496.0,-0.9124479571852453,-0.29183577082559287,-0.7117779616543902,-0.7063128378391507,0.6206121863596524,0.0007062252033781228,1e-08
Torpparinmäentie,0.0007067519898683733,0.0,564.0,603.0,-0.9121259296949934,-0.29183577082559287,-0.7099806090849327,-0.7037333895527386,0.6202901588694005,0.0007067619898683733,1e-08
Puistolantori,0.0007170897272548481,0.0,230.0,254.0,-0.9059241424184619,-0.29183577082559287,-0.7180929841957276,-0.7121467302252417,0.614088371592869,0.0007170997272548482,1e-08
Ajomiehentie,0.0011932986869326399,0.012002237136465326,2302.0,2329.0,-0.6202381594330566,-0.0068617237207242495,-0.6677671122509162,-0.6621247190635111,0.6133764357123324,0.0011933086869326398,0.012002247136465326
Kivikonlaita,0.0007316407405303464,0.0,797.0,781.0,-0.8971947381379185,-0.29183577082559287,-0.704321377345965,-0.6994423447398287,0.6053589673123256,0.0007316507405303465,1e-08
Paloheinän maja,0.0008267910365160575,0.0022371364653243847,887.0,893.0,-0.8401124315420441,-0.23871852066625113,-0.7021354080047328,-0.6967423614867617,0.601393910875793,0.0008268010365160576,0.0022371464653243847
Sompasaari,0.0007394398280363609,0.0,8656.0,8756.0,-0.8925159307881944,-0.29183577082559287,-0.5134376767599259,-0.5071890729254668,0.6006801599626015,0.0007394498280363609,1e-08
Betonimies,0.0007427507250194355,0.0,5476.0,5089.0,-0.8905296664814223,-0.29183577082559287,-0.5906752601501288,-0.5955894174700769,0.5986938956558294,0.0007427607250194355,1e-08
Heikinlaakso,0.000748369099635791,0.0,270.0,273.0,-0.8871591064731861,-0.29183577082559287,-0.717121442266291,-0.7116886973519535,0.5953233356475932,0.000748379099635791,1e-08
Kivikon liikuntapuisto,0.000758303355880706,0.0,691.0,670.0,-0.8811993745049388,-0.29183577082559287,-0.7068959634589718,-0.7021182209995647,0.5893636036793459,0.000758313355880706,1e-08
Gransinmäki,0.0007605800841849917,0.0,2988.0,3042.0,-0.8798335258572346,-0.29183577082559287,-0.65110516816108,-0.6449364328185406,0.5879977550316418,0.0007605900841849918,1e-08
Kuninkaantammi,0.0007649638984805155,0.0,594.0,584.0,-0.8772035999165518,-0.29183577082559287,-0.7092519526378553,-0.7041914224260267,0.585367829090959,0.0007649738984805155,1e-08
Kutsuntatie,0.0007656650655404474,0.0,2907.0,2834.0,-0.8767829576823335,-0.29183577082559287,-0.6530725405681889,-0.6499506874313792,0.5849471868567406,0.0007656750655404475,1e-08
Kontula (M),0.002417974524332394,0.041482580688678286,2514.0,2423.0,0.1144660357226813,0.6931021843903423,-0.6626179400249026,-0.6598586616904014,0.578636148667661,0.002417984524332394,0.04148259068867829
Tuulimäki,0.000786279734635627,0.0,4609.0,4522.0,-0.8644158615059827,-0.29183577082559287,-0.6117334314706653,-0.609258082688728,0.5725800906803898,0.0007862897346356271,1e-08
Ruutikatu,0.0008161430934742523,0.0,3895.0,3388.0,-0.8465003165510304,-0.29183577082559287,-0.6290754549111071,-0.6365954131260304,0.5546645457254376,0.0008161530934742523,1e-08
Varustuksentie,0.000817095636033419,0.0,649.0,614.0,-0.8459288698114833,-0.29183577082559287,-0.7079160824848801,-0.703468212626098,0.5540930989858904,0.000817105636033419,1e-08
Vuosaaren liikuntapuisto,0.0008176655755684256,0.0,505.0,692.0,-0.8455869532368544,-0.29183577082559287,-0.7114136334308515,-0.7015878671462836,0.5537511824112615,0.0008176755755684256,1e-08
Kaapelitehdas,0.0008198201663713487,0.0,11882.0,11900.0,-0.8442943769865443,-0.29183577082559287,-0.43508282015087113,-0.43139668589294594,0.5524586061609514,0.0008198301663713488,1e-08
Mikkolantie,0.0008385598954646899,0.0001789709172259508,1456.0,1337.0,-0.8330520897130463,-0.28758639081284554,-0.6883152240584984,-0.686038856447818,0.5454656989002008,0.00083856989546469,0.0001789809172259508
Karhusuontie,0.0008336098696753389,0.0,608.0,637.0,-0.8360216957120402,-0.29183577082559287,-0.7089119129625525,-0.7029137517794861,0.5441859248864473,0.000833619869675339,1e-08
Jokipellontie,0.0008399036084258179,0.0,655.0,705.0,-0.8322459730906084,-0.29183577082559287,-0.7077703511954646,-0.7012744762329812,0.5404102022650156,0.0008399136084258179,1e-08
Puistolan VPK,0.0008472014663555563,5.592841163310962e-05,334.0,357.0,-0.8278678620240805,-0.29050783957160936,-0.7155669751791927,-0.7096637099121533,0.537360022452471,0.0008472114663555563,5.593841163310962e-05
Alppikylä,0.0008471942898059332,0.0,373.0,386.0,-0.8278721673601979,-0.29183577082559287,-0.714619721797992,-0.7089646071055556,0.536036396534605,0.0008472042898059332,1e-08
Välimerenkatu,0.0008502888909100975,0.0,13030.0,12989.0,-0.8260156626884061,-0.29183577082559287,-0.4071995667760432,-0.40514417015553655,0.5341798918628132,0.0008502988909100975,1e-08
Takomotie,0.0018853749142096023,0.02615212527964206,16401.0,16555.0,-0.20504967279847716,0.3291048835371125,-0.32532287067278093,-0.3191786319373529,0.5341545563355896,0.0018853849142096023,0.026152135279642063
Töyrynummentie,0.0008504429892655917,0.0,361.0,372.0,-0.8259232164223896,-0.29183577082559287,-0.714911184376823,-0.709302105012189,0.5340874455967968,0.0008504529892655918,1e-08
Viljelijäntie,0.0008569159313929456,4.496756714219869e-05,911.0,884.0,-0.8220399865988434,-0.2907680874053046,-0.701552482847071,-0.6969593244267404,0.5312718991935388,0.0008569259313929457,4.497756714219869e-05
Säterinrinne,0.0008725307221060313,0.0,4503.0,4162.0,-0.8126724038532404,-0.29183577082559287,-0.614308017583672,-0.6179366002878717,0.5208366330276475,0.0008725407221060313,1e-08
Kirjurinkuja,0.004164632670688393,0.08317673378076063,28763.0,30770.0,1.162316436980998,1.683063590098734,-0.02506783738042635,0.02350227826216484,0.5207471531177361,0.004164642670688393,0.08317674378076062
Saniaiskuja,0.0008765059369201402,0.0,500.0,538.0,-0.8102876038013571,-0.29183577082559287,-0.7115350761720312,-0.7053003441192506,0.5184518329757642,0.0008765159369201402,1e-08
Rukatunturintie,0.0008791752127011139,0.0,697.0,796.0,-0.80868625913984,-0.29183577082559287,-0.7067502321695563,-0.6990807398398644,0.5168504883142472,0.000879185212701114,1e-08
Sinkilätie,0.0008857656354728906,0.0,715.0,706.0,-0.8047325506478403,-0.29183577082559287,-0.7063130383013099,-0.7012503692396502,0.5128967798222475,0.0008857756354728907,1e-08
Väärämäentie,0.0008946995412736554,0.0,845.0,711.0,-0.7993729461953802,-0.29183577082559287,-0.7031555270306412,-0.7011298342729955,0.5075371753697874,0.0008947095412736555,1e-08
Savela,0.0009831287234272764,0.002214765100671141,1510.0,1739.0,-0.7463227519167049,-0.2392496931678445,-0.6870036424537591,-0.6763478451287743,0.5070730587488604,0.0009831387234272764,0.002214775100671141
Hämeenlinnanväylä,0.0009011171928467557,0.0,5056.0,5064.0,-0.7955228861306567,-0.29183577082559287,-0.6008764504092122,-0.5961920923033507,0.5036871153050638,0.0009011271928467558,1e-08
Punakiventie,0.0009158859253548527,0.0,850.0,854.0,-0.7866628683206622,-0.29183577082559287,-0.7030340842894617,-0.697682534226669,0.49482709749506937,0.0009158959253548528,1e-08
Lystimäensilta,0.0009193340889839307,0.0,5176.0,5242.0,-0.7845942553812202,-0.29183577082559287,-0.5979618246209026,-0.5919010474904408,0.4927584845556273,0.0009193440889839308,1e-08
Itäkeskus Metrovarikko,0.00091957889326798,0.0,2703.0,2686.0,-0.7844473930614206,-0.29183577082559287,-0.6580274044083151,-0.6535185224443604,0.4926116222358278,0.00091958889326798,1e-08
Sateenkaarentie,0.0009248268713799609,5.620945892774836e-05,352.0,363.0,-0.7812990403159754,-0.29050116655023256,-0.7151297813109462,-0.7095190679521677,0.49079787376574285,0.000924836871379961,5.621945892774836e-05
Koskelan varikko,0.0009305097123475242,0.0,7841.0,7762.0,-0.7778898058297815,-0.29183577082559287,-0.5332328435721949,-0.5311514242964356,0.48605403500418864,0.0009305197123475243,1e-08
Hauenkallio,0.0009356313141156608,0.0,5801.0,5451.0,-0.7748172684365753,-0.29183577082559287,-0.5827814819734571,-0.5868626858842713,0.4829814976109824,0.0009356413141156609,1e-08
Jakomäki,0.0009568531922737964,0.0003597405371375895,460.0,437.0,-0.7620858970518251,-0.2832943034632867,-0.7125066181014676,-0.707735150445677,0.47879159358853834,0.0009568631922737965,0.0003597505371375895
Golfpolku,0.0009431885924551656,0.0,6083.0,5998.0,-0.7702835265838882,-0.29183577082559287,-0.5759321113709297,-0.5736761605322392,0.47844775575829535,0.0009431985924551657,1e-08
Vallipolku,0.0009439985328512227,0.0,5197.0,4174.0,-0.7697976293459116,-0.29183577082559287,-0.5974517651079485,-0.6176473163679002,0.4779618585203187,0.0009440085328512228,1e-08
Ilmalan asema,0.0009448599808690137,0.0,8884.0,7153.0,-0.7692808317956933,-0.29183577082559287,-0.5078998877621378,-0.5458325832349868,0.4774450609701004,0.0009448699808690137,1e-08
Korkeasaari,0.0009504623303840073,0.0,12232.0,12175.0,-0.7659198855226503,-0.29183577082559287,-0.4265818282683016,-0.4247672627269335,0.47408411469705747,0.0009504723303840073,1e-08
Kirkkoherrantie,0.0009509053669151298,0.0,5972.0,5811.0,-0.7656541002527179,-0.29183577082559287,-0.578628140225116,-0.5781841682851278,0.473818329427125,0.0009509153669151299,1e-08
Innopoli,0.000951706370488437,0.0,6051.0,5630.0,-0.7651735643691221,-0.29183577082559287,-0.5767093449144789,-0.5825475340780305,0.47333779354352923,0.000951716370488437,1e-08
Töyrynummi,0.0009530833382717768,0.0,438.0,497.0,-0.7643474976042529,-0.29183577082559287,-0.7130409661626578,-0.7062887308458198,0.47251172677866005,0.0009530933382717768,1e-08
Tollinpolku,0.0012365765716337452,0.007161085067395141,1306.0,1378.0,-0.5942750086331854,-0.12180718614468482,-0.6919585062938853,-0.6850504697212488,0.47246782248850056,0.0012365865716337451,0.007161095067395141
Mäkkylän asema,0.0010401704597174954,0.002192393736017897,6032.0,5475.0,-0.7121024287327574,-0.23978086566943796,-0.5771708273309613,-0.5862841180443285,0.47232156306331946,0.0010401804597174953,0.002192403736017897
Rapakiventie,0.0009547883651586531,0.0,1355.0,1335.0,-0.7633246225148733,-0.29183577082559287,-0.6907683674303257,-0.6860870704344799,0.47148885168928045,0.0009547983651586532,1e-08
Postipuun koulu,0.0009551299250179089,0.0,4659.0,4340.0,-0.7631197148537368,-0.29183577082559287,-0.6105190040588696,-0.6136455554749617,0.4712839440281439,0.000955139925017909,1e-08
Kannelmäen liikuntapuisto,0.0009622145279609676,0.0,1155.0,1200.0,-0.7588695391383986,-0.29183577082559287,-0.6956260770775082,-0.6893415145341587,0.46703376831280574,0.0009622245279609676,1e-08
Vanha Tapanilantie,0.0009705228837010676,0.0,631.0,674.0,-0.7538852129757642,-0.29183577082559287,-0.7083532763531265,-0.7020217930262408,0.4620494421501713,0.0009705328837010677,1e-08
Haakoninlahdenkatu,0.00097840090784402,0.0,3450.0,4063.0,-0.7491590501736513,-0.29183577082559287,-0.6398838588760882,-0.6203231926276361,0.4573232793480584,0.0009784109078440199,1e-08
Leikosaarentie,0.0009800630773800605,0.0,1093.0,1027.0,-0.7481618859495396,-0.29183577082559287,-0.6971319670681349,-0.6935120243804139,0.4563261151239467,0.0009800730773800604,1e-08
Kustaankartano,0.0010021457003368346,0.00011185682326621924,6162.0,5324.0,-0.7349141388878913,-0.2891799083176258,-0.5740133160602926,-0.5899242740373025,0.44573423057026546,0.0010021557003368345,0.00011186682326621924
Tilketori,0.000999323836940992,0.0,836.0,831.0,-0.7366070234960206,-0.29183577082559287,-0.7033741239647644,-0.698236995073281,0.4447712526704277,0.000999333836940992,1e-08
Tietäjä,0.0009997656247495818,0.0,7823.0,6098.0,-0.7363419873563114,-0.29183577082559287,-0.5336700374404414,-0.5712654611991438,0.44450621653071853,0.0009997756247495818,1e-08
Lystimäki,0.0010037749606248863,0.0,5699.0,6116.0,-0.7339367174902635,-0.29183577082559287,-0.5852589138935202,-0.5708315353191866,0.4421009466646706,0.0010037849606248862,1e-08
Siilitie 13,0.0010069981997947854,0.0,4834.0,3950.0,-0.7320030406201922,-0.29183577082559287,-0.6062685081175848,-0.623047282874034,0.4401672697945993,0.0010070081997947853,1e-08
Laulurastaantie,0.0010090932805535686,0.0,630.0,661.0,-0.7307461654735931,-0.29183577082559287,-0.7083775649013625,-0.7023351839395432,0.4389103946480002,0.0010091032805535686,1e-08
Herttoniemen kirkko,0.0010143428403781305,0.0,7333.0,6172.0,-0.7275968638314414,-0.29183577082559287,-0.5455714260760386,-0.5694815436926531,0.43576109300584853,0.0010143528403781304,1e-08
Muotoilijankatu,0.00101826101780929,0.0,10235.0,10385.0,-0.7252462814910977,-0.29183577082559287,-0.47508605909541957,-0.46791878078934196,0.43341051066550484,0.00101827101780929,1e-08
Malmin sairaala,0.0010201034497325026,0.0,836.0,763.0,-0.7241409747462964,-0.29183577082559287,-0.7033741239647644,-0.6998762706197859,0.4323052039207035,0.0010201134497325026,1e-08
Jännetie,0.0016712188814887946,0.016401920115116972,10628.0,10653.0,-0.33352557707691527,0.09760175672455608,-0.46554065963870583,-0.46145810657664615,0.43112733380147134,0.0016712288814887946,0.016401930115116974
Käskynhaltijantie,0.0010328892476135772,0.0,5415.0,4622.0,-0.7164705536807646,-0.29183577082559287,-0.5921568615925195,-0.6068473833556326,0.42463478285517176,0.001032899247613577,1e-08
Etuniementie,0.0010340435481441222,0.0,6446.0,6237.0,-0.7157780688481558,-0.29183577082559287,-0.5671153683612934,-0.5679145891261411,0.4239422980225629,0.0010340535481441222,1e-08
Toppelundintie,0.001036260024652914,0.0,6216.0,6497.0,-0.714448366293616,-0.29183577082559287,-0.5727017344555533,-0.561646770860093,0.4226125954680231,0.001036270024652914,1e-08
Lukutori,0.001046410617923075,0.0,5686.0,6076.0,-0.7083588500059909,-0.29183577082559287,-0.5855746650205871,-0.5717958150524247,0.416523079180398,0.0010464206179230749,1e-08
Itäportti,0.0010519645038923743,0.0,6909.0,6280.0,-0.7050269778513768,-0.29183577082559287,-0.5558697705280657,-0.56687798841291,0.41319120702578394,0.0010519745038923742,1e-08
Vesakkotie,0.0011563054526029673,0.002550335570469799,8276.0,8501.0,-0.6424310398871175,-0.23128210564394325,-0.5226673250895728,-0.5133363562248602,0.4111489342431742,0.0011563154526029672,0.002550345570469799
Kontulankaari,0.001059742681916793,0.0,910.0,861.0,-0.700360714460942,-0.29183577082559287,-0.7015767713953068,-0.6975137852733523,0.4085249436353491,0.001059752681916793,1e-08
Siltamäki,0.0010674211785739736,0.0,505.0,584.0,-0.6957542516450366,-0.29183577082559287,-0.7114136334308515,-0.7041914224260267,0.4039184808194437,0.0010674311785739735,1e-08
Mäkitorpantie,0.0010677135422723365,0.0,5773.0,5719.0,-0.6955788576108449,-0.29183577082559287,-0.5834615613240627,-0.5804020116715756,0.40374308678525206,0.0010677235422723364,1e-08
Meri-Rastilan tori,0.001068825403272315,0.0,1386.0,1383.0,-0.6949118329859052,-0.29183577082559287,-0.6900154224350123,-0.6849299347545941,0.40307606216031233,0.001068835403272315,1e-08
Diakoniapuisto,0.00483329122547403,0.09508392072217912,114154.0,102517.0,1.5634562572707835,1.9657808213739683,2.0489555850324073,1.753106728778155,0.40232456410318473,0.00483330122547403,0.09508393072217912
Marttila,0.001089986353957175,0.0,6168.0,6192.0,-0.6822170130450954,-0.29183577082559287,-0.5738675847708771,-0.5689994038260341,0.39038124221950254,0.001089996353957175,1e-08
Halmetie,0.0010983012006228433,0.00015659955257270693,601.0,634.0,-0.6772287928640607,-0.288117563314439,-0.7090819328002039,-0.702986072759479,0.3891112295496217,0.0010983112006228432,0.00015660955257270693
Siltavoudintie,0.0011063973651191765,0.0,5672.0,5316.0,-0.672371763894863,-0.29183577082559287,-0.5859147046958899,-0.5901171299839502,0.3805359930692701,0.0011064073651191764,1e-08
Humalniementie,0.0011068099929532477,0.0,5652.0,5537.0,-0.6721242213277019,-0.29183577082559287,-0.5864004756606082,-0.5847894844578092,0.380288450502109,0.0011068199929532476,1e-08
Kannelmäen asema,0.0012861307599300914,0.004496644295302014,1641.0,1613.0,-0.5645465948627593,-0.1850700980053159,-0.6838218426348546,-0.6793853262884746,0.37947649685744334,0.0012861407599300914,0.004496654295302014
Maarinranta,0.001131259002974695,0.0004834013467786359,5730.0,7318.0,-0.6574568377788431,-0.2803581740574939,-0.5845059688982069,-0.5418549293353794,0.3770986637213492,0.001131269002974695,0.0004834113467786359
Relanderinaukio,0.001125625155126149,0.0,12459.0,12068.0,-0.6608366804464214,-0.29183577082559287,-0.4210683278187494,-0.4273467110133456,0.36900090962082854,0.001125635155126149,1e-08
Haapasaarentie,0.0011262992644885308,0.0,1127.0,1129.0,-0.6604322705924741,-0.29183577082559287,-0.6963061564281138,-0.6910531110606565,0.36859649976688125,0.0011263092644885307,1e-08
Sähkömies,0.0012155162135995253,0.0022371364653243847,7751.0,8018.0,-0.6069094813048076,-0.23871852066625113,-0.5354188129134271,-0.5249800340037112,0.3681909606385565,0.0012155262135995252,0.0022371464653243847
Nuottaniementie,0.0011269890499769307,0.0,6097.0,6833.0,-0.6600184563596719,-0.29183577082559287,-0.5755920716956269,-0.5535468211008923,0.36818268553407907,0.0011269990499769306,1e-08
Laajalahden keskus,0.001135006325334931,0.0,7900.0,7725.0,-0.6552087543476294,-0.29183577082559287,-0.5317998192262761,-0.5320433830496809,0.3633729835220365,0.0011350163253349308,1e-08
Koivu-Mankkaa,0.0011356695183031428,0.0,7311.0,7350.0,-0.6548108934271611,-0.29183577082559287,-0.5461057741372287,-0.5410835055487888,0.3629751226015683,0.0011356795183031427,1e-08
Purjetie,0.0011373014534131537,0.0,1215.0,1206.0,-0.6538318673576238,-0.29183577082559287,-0.6941687641833535,-0.6891968725741731,0.3619960965320309,0.0011373114534131536,1e-08
Hernepellontie,0.0011386990016415818,0.0,7259.0,7553.0,-0.6529934540281515,-0.29183577082559287,-0.5473687786454962,-0.536189785902605,0.3611576832025586,0.0011387090016415817,1e-08
Piispankallio,0.0011407022469421852,0.0,7618.0,7486.0,-0.6517916725596739,-0.29183577082559287,-0.5386491898288035,-0.537804954455779,0.359955901734081,0.0011407122469421851,1e-08
Gunillantie,0.0014255275092050115,0.00714765100671141,6391.0,6965.0,-0.48092007643580487,-0.12212615656649592,-0.5684512385142686,-0.5503646979812062,0.358793919869309,0.0014255375092050114,0.00714766100671141
Avaruuskatu,0.0011439527705639054,0.0,7210.0,7343.0,-0.6498416272755264,-0.29183577082559287,-0.5485589175090559,-0.5412522545021055,0.35800585644993355,0.0011439627705639053,1e-08
Ruskeasuon varikko,0.0011481127432843993,0.0,12121.0,12045.0,-0.6473459877633029,-0.29183577082559287,-0.42927785712248795,-0.4279011718599576,0.35551021693771,0.0011481227432843992,1e-08
Kaivonkatsojanpuisto,0.001317590992516873,0.004002113475655683,1582.0,1589.0,-0.5456730577550464,-0.19681194641993627,-0.6852548669807734,-0.6799638941284175,0.3488611113351101,0.0013176009925168729,0.004002123475655683
Huovitie,0.001172569712885682,0.0,9411.0,9342.0,-0.6326738291249729,-0.29183577082559287,-0.49509982284181175,-0.4930623748335275,0.3408380582993801,0.001172579712885682,1e-08
Radiokatu,0.0011731661767451973,0.0,19765.0,17381.0,-0.6323160001497764,-0.29183577082559287,-0.24361619440717014,-0.2992662554459845,0.34048022932418354,0.0011731761767451972,1e-08
Lepolantie,0.0012217465264279992,0.0007158836689038032,5775.0,6331.0,-0.6031718089898779,-0.27483825077460355,-0.5834129842275909,-0.5656485317530314,0.3283335582152743,0.0012217565264279991,0.0007158936689038032
Valimon asema,0.0014800057128418534,0.007181208053691276,10186.0,10013.0,-0.4482376607840691,-0.12132939781410579,-0.4762761979589793,-0.47688658230845704,0.32690826296996334,0.0014800157128418534,0.007181218053691276
Huhtakuja,0.0011971136175181153,0.0,848.0,819.0,-0.6179495166593674,-0.29183577082559287,-0.7030826613859334,-0.6985262789932524,0.3261137458337745,0.0011971236175181152,1e-08
Tekniikantie,0.0012006409741781713,0.0,9739.0,9108.0,-0.6158333944523219,-0.29183577082559287,-0.48713317902043235,-0.49870341127297085,0.323997623626729,0.0012006509741781712,1e-08
Reiherintie,0.0012100304015805945,0.0,5462.0,5855.0,-0.6102005147203943,-0.29183577082559287,-0.5910152998254316,-0.5771234605785657,0.3183647438948014,0.0012100404015805944,1e-08
Lokitie,0.001210524216898588,0.0,1437.0,1386.0,-0.6099042663788475,-0.29183577082559287,-0.6887767064749808,-0.6848576137746012,0.31806849555325467,0.001210534216898588,1e-08
Juhana Herttuan tie,0.00252278083453388,0.03315233887558598,29768.0,30101.0,0.17734115208597628,0.49531383078193914,-0.0006578464033339387,0.007374699723756302,0.31797267869596285,0.00252279083453388,0.033152348875585984
Kalkkipellonmäki,0.0012124696552303243,0.0,7054.0,6306.0,-0.6087371643097986,-0.29183577082559287,-0.5523479310338584,-0.5662512065863052,0.31690139348420576,0.0012124796552303242,1e-08
Prinsessantie,0.0012139543416878904,0.0,5762.0,4968.0,-0.6078464752510672,-0.29183577082559287,-0.5837287353546577,-0.5985063636631223,0.3160107044254743,0.0012139643416878903,1e-08
Pohjolankatu,0.001216555894802994,0.0,14622.0,13197.0,-0.6062857585869372,-0.29183577082559287,-0.3685321979844699,-0.400129915542698,0.31444998776134436,0.001216565894802994,1e-08
A.I. Virtasen aukio,0.001216579253868246,0.0,14994.0,14392.0,-0.606271745080088,-0.29183577082559287,-0.35949685804071035,-0.3713220585122074,0.3144359742544951,0.001216589253868246,1e-08
Kylävoudintie,0.0012243144041343816,0.0,8576.0,8298.0,-0.6016312947852931,-0.29183577082559287,-0.515380760618799,-0.518230075871044,0.3097955239597002,0.0012243244041343815,1e-08
Tupasaarentie,0.001225927514334062,0.0,8595.0,9060.0,-0.600663562104725,-0.29183577082559287,-0.5149192782023166,-0.49986054695285664,0.3088277912791322,0.001225937514334062,1e-08
Suurpellonaukio,0.0012269113997282518,0.0,7050.0,7754.0,-0.6000733122568972,-0.29183577082559287,-0.552445085226802,-0.5313442802430832,0.30823754143130433,0.0012269213997282518,1e-08
Pukinmäen liikuntapuisto,0.0012464144973917263,0.0004026845637583893,1165.0,1150.0,-0.5883730669884756,-0.28227466579691135,-0.695383191595149,-0.6905468642007064,0.30609840119156423,0.0012464244973917262,0.0004026945637583893
Orionintie,0.0012308284111726148,0.0,7469.0,8170.0,-0.597723429412179,-0.29183577082559287,-0.5422681835159545,-0.5213157710174061,0.3058876585865862,0.0012308384111726148,1e-08
Mamsellimyllynkatu,0.0012381196503371932,0.0,4141.0,3896.0,-0.5933492890572314,-0.29183577082559287,-0.6231004720450725,-0.6243490605139055,0.3015135182316385,0.001238129650337193,1e-08
Mankkaanaukio,0.0012393205363794937,0.0,6925.0,7960.0,-0.5926288567712026,-0.29183577082559287,-0.555481153756291,-0.5263782396169066,0.3007930859456097,0.0012393305363794936,1e-08
Sumukuja,0.001250342169613529,0.0,1392.0,1387.0,-0.5860167885591714,-0.29183577082559287,-0.6898696911455968,-0.6848335067812703,0.2941810177335785,0.0012503521696135289,1e-08
Toppelundinportti,0.0012548170945680505,0.0,7796.0,8613.0,-0.5833322037599198,-0.29183577082559287,-0.534325828242811,-0.5106363729717933,0.2914964329343269,0.0012548270945680505,1e-08
Halkaisijantie,0.0012622177627769414,0.00010117702606994705,1609.0,1549.0,-0.5788924150305428,-0.28943348312994427,-0.6845990761784038,-0.6809281738616556,0.2894589319005985,0.0012622277627769413,0.00010118702606994704
Maunula,0.0012618306852480196,8.993513428439738e-05,7591.0,7444.0,-0.5791246295281793,-0.28970040398501634,-0.5393049806311732,-0.5388174481756791,0.289424225543163,0.0012618406852480195,8.994513428439737e-05
Westendintie,0.0012583470400701936,0.0,8646.0,8785.0,-0.5812145284617755,-0.29183577082559287,-0.5136805622422851,-0.5064899701188691,0.2893787576361826,0.0012583570400701936,1e-08
Vallikatu,0.0012592198587182365,0.0,7786.0,6278.0,-0.5806909094740041,-0.29183577082559287,-0.5345687137251701,-0.5669262023995719,0.2888551386484113,0.0012592298587182364,1e-08
Opastinsilta,0.0012624652137131283,0.0,25519.0,18250.0,-0.5787439649383962,-0.29183577082559287,-0.10385988785772762,-0.2783172782413851,0.2869081941128033,0.0012624752137131282,1e-08
Metsänneidonpolku,0.0012660485414300088,3.3725675356649016e-05,7705.0,8707.0,-0.5765942647272777,-0.29103500826037665,-0.5365360861322791,-0.5083703155986836,0.28555925646690106,0.0012660585414300087,3.373567535664902e-05
Mankkaanlaaksontie,0.0012749367152535699,0.00025727069351230426,7688.0,8092.0,-0.5712620956781123,-0.2857272870572686,-0.5369489914522896,-0.5231961164972205,0.2855348086208437,0.0012749467152535698,0.00025728069351230425
Upseerinkatu,0.0012704505542825099,0.0,7411.0,7184.0,-0.5739534211578243,-0.29183577082559287,-0.5436769193136375,-0.5450852664417272,0.28211765033223146,0.0012704605542825098,1e-08
Hanasaari,0.0012705122751847909,0.0,12205.0,12207.0,-0.5739163937221146,-0.29183577082559287,-0.42723761907067126,-0.42399583894034293,0.2820806228965217,0.0012705222751847908,1e-08
Margareetankuja,0.0012776355762875303,0.0,7151.0,6938.0,-0.569643002312146,-0.29183577082559287,-0.5499919418549748,-0.551015586801142,0.2778072314865532,0.0012776455762875303,1e-08
Von Daehnin katu,0.0013658590702262405,0.0021252796420581656,4426.0,4670.0,-0.5167162039475356,-0.2413743831742182,-0.6161782357978373,-0.6056902476757468,0.27534182077331737,0.0013658690702262404,0.0021252896420581656
Marjaniemi,0.0012819669415936557,0.0,3905.0,4166.0,-0.5670445414264319,-0.29183577082559287,-0.6288325694287479,-0.6178401723145478,0.27520877060083904,0.0012819769415936557,1e-08
Friisilänaukio,0.001287136222698616,0.0,7863.0,8196.0,-0.5639434003752479,-0.29183577082559287,-0.5326984955110048,-0.5206889891908013,0.27210762954965506,0.001287146222698616,1e-08
Pihlajamäki,0.001370399443099636,0.002058165548098434,6217.0,5948.0,-0.5139923558109237,-0.24296790067899846,-0.5726774459073174,-0.574881510198787,0.2710244551319253,0.001370409443099636,0.002058175548098434
Säterinniitty,0.001292063939328173,0.0,7148.0,7254.0,-0.5609871780266784,-0.29183577082559287,-0.5500648074996826,-0.5433977769085604,0.26915140720108555,0.0012920739393281729,1e-08
Isosaarentie,0.001295840706583565,0.0,6840.0,6889.0,-0.5587214300941031,-0.29183577082559287,-0.5575456803563437,-0.5521968294743588,0.26688565926851027,0.001295850706583565,1e-08
Tiistiläntie,0.001296166137220467,0.0,8874.0,8423.0,-0.5585261986321419,-0.29183577082559287,-0.508142773244497,-0.5152167017046746,0.26669042780654906,0.001296176137220467,1e-08
Aulangontie,0.0013000514816199678,0.0,5563.0,5343.0,-0.5561953133947889,-0.29183577082559287,-0.5885621564536044,-0.5894662411640144,0.264359542569196,0.0013000614816199678,1e-08
Näyttelijäntie,0.0013031953990930356,0.0,8144.0,8161.0,-0.5543092229811897,-0.29183577082559287,-0.5258734134567133,-0.5215327339573848,0.2624734521555968,0.0013032053990930355,1e-08
Mellunmäki (M),0.0017296973266202227,0.010492170022371365,1592.0,1634.0,-0.29844334743525985,-0.042715867578279956,-0.6850119814984142,-0.6788790794285245,0.2557274798569799,0.0017297073266202227,0.010492180022371365
Gallen-Kallelan tie,0.001403554503400943,0.002225950782997763,10781.0,10847.0,-0.4941020622735487,-0.23898410691704783,-0.46182451175861117,-0.456781349870441,0.25511795535650084,0.0014035645034009428,0.002225960782997763
Painiitty,0.0013227714953540693,0.0,6022.0,5944.0,-0.5425651845928016,-0.29183577082559287,-0.5774137128133204,-0.5749779381721107,0.2507294137672087,0.0013227814953540693,1e-08
Ruomelantie,0.0013331805835968766,0.0,10560.0,8916.0,-0.5363205927047358,-0.29183577082559287,-0.46719228091874787,-0.5033319539925141,0.2444848218791429,0.0013331905835968765,1e-08
Peukaloisentie,0.0013417242819531573,0.0,6560.0,6203.0,-0.5311950804403375,-0.29183577082559287,-0.5643464738623992,-0.5687342268993936,0.2393593096147446,0.0013417342819531572,1e-08
Olarinluoma,0.0013515416997385127,0.0,7788.0,8940.0,-0.5253054418827484,-0.29183577082559287,-0.5345201366286984,-0.5027533861525711,0.23346967105715555,0.0013515516997385127,1e-08
Linnakepolku,0.0013554591361354025,0.0,9098.0,9599.0,-0.522955304101667,-0.29183577082559287,-0.5027021384396525,-0.4868668775474722,0.23111953327607415,0.0013554691361354024,1e-08
Malminkartanon asema,0.0013616995674335401,8.993513428439738e-05,1458.0,1485.0,-0.5192115615419562,-0.28970040398501634,-0.6882666469620267,-0.6824710214348367,0.2295111575569399,0.00136170956743354,8.994513428439737e-05
Keilaranta,0.001370445434523959,0.0,13327.0,12661.0,-0.5139647647608193,-0.29183577082559287,-0.39998586794997704,-0.4130512639680896,0.22212899393522645,0.001370455434523959,1e-08
Auringonkatu,0.0013730180526062678,0.0,11269.0,9542.0,-0.5124214067228108,-0.29183577082559287,-0.4499717002194857,-0.4882409761673366,0.2205856358972179,0.0013730280526062677,1e-08
Vanha Viertotie,0.001373463044230057,0.0,14954.0,14768.0,-0.5121544485590069,-0.29183577082559287,-0.36046839997014685,-0.36225782901976855,0.22031867773341407,0.001373473044230057,1e-08
Alakiventie,0.001384579371758259,0.0,4086.0,4020.0,-0.50548557160375,-0.29183577082559287,-0.6244363421980477,-0.6213597933408671,0.2136498007781571,0.001384589371758259,1e-08
Eteläinen Hesperiankatu,0.0035191759931716277,0.053926174496644295,72868.0,74281.0,0.775095823753484,0.9885555442653406,1.0461785825645096,1.0724216650853247,0.2134597205118567,0.0035191859931716276,0.0539261844966443
Oravannahkatori,0.0013876328185011342,0.0,11744.0,10265.0,-0.5036537561443725,-0.29183577082559287,-0.4384346398074271,-0.4708116199890565,0.2118179853187796,0.0013876428185011342,1e-08
Kotinummentie,0.0013944529719044335,2.237136465324385e-05,696.0,761.0,-0.4995622282771708,-0.29130459832399946,-0.7067745207177922,-0.6999244846064477,0.20825762995317132,0.0013944629719044334,2.238136465324385e-05
Syystie,0.0014038422896003248,0.0,1173.0,1147.0,-0.49392941436008714,-0.29183577082559287,-0.6951888832092618,-0.6906191851806993,0.20209364353449427,0.0014038522896003248,1e-08
Tiistinkallio,0.001408546581924006,0.0,8341.0,9308.0,-0.4911072281130016,-0.29183577082559287,-0.5210885694542385,-0.49388201260677994,0.19927145728740875,0.001408556581924006,1e-08
Pajamäki,0.0014122036134571682,6.745135071329803e-05,11070.0,11190.0,-0.48891331170902014,-0.2902342456951605,-0.4548051213184323,-0.4485126511579236,0.19867906601385965,0.0014122136134571681,6.746135071329803e-05
Vuosaaren puistopolku,0.0014146340589892138,7.86932424988477e-05,1569.0,1521.0,-0.4874552454404125,-0.2899673248400884,-0.6855706181078403,-0.6816031696749224,0.1974879206003241,0.0014146440589892137,7.87032424988477e-05
Tontunmäentie,0.001417864974057131,0.0,10044.0,10064.0,-0.4855169636664937,-0.29183577082559287,-0.4797251718084789,-0.47565712564857837,0.19368119284090085,0.001417874974057131,1e-08
Säteri,0.0014309319371601185,0.0,9051.0,8895.0,-0.4776778667262832,-0.29183577082559287,-0.5038437002067404,-0.5038382008524641,0.18584209590069034,0.0014309419371601184,1e-08
Pitäjänmäen asema,0.0016357862768316322,0.0050782997762863534,10923.0,10397.0,-0.3547822088254312,-0.17125961296388706,-0.4583755379091115,-0.4676294968693705,0.18352259586154415,0.0016357962768316322,0.005078309776286353
Thalianaukio,0.0015365128180586623,0.0024832214765100674,11597.0,11535.0,-0.414338072018569,-0.23287562314872348,-0.4420050563981063,-0.4401957384587443,0.1814624488698455,0.0015365228180586623,0.0024832314765100673
Aurinkolahdenaukio,0.0014414610491347412,0.0,1478.0,1683.0,-0.4713612705276969,-0.29183577082559287,-0.6877808759973083,-0.6776978367553077,0.17952549970210402,0.0014414710491347411,1e-08
Ahertajantie,0.001447068515288363,0.0,11227.0,10627.0,-0.46799725469473413,-0.29183577082559287,-0.450991819245394,-0.462084888403251,0.17616148386914127,0.0014470785152883628,1e-08
Meilahden sairaala,0.003010236158758978,0.03945904016727935,57197.0,55173.0,0.46977402348121605,0.64505643047737,0.6655527431595195,0.6117852365174467,0.175282406996154,0.003010246158758978,0.03945905016727935
Sofianlehdonkatu,0.0014507858297972851,0.0,21511.0,21247.0,-0.4657671734920077,-0.29183577082559287,-0.2012083891872663,-0.20606861922851455,0.17393140266641482,0.001450795829797285,1e-08
Ida Aalbergin tie,0.0014509338791927982,0.0,8482.0,8365.0,-0.46567835610159963,-0.29183577082559287,-0.5176638841529748,-0.51661490731787,0.17384258527600677,0.001450943879192798,1e-08
Leppävaaran urheilupuisto,0.0014757036755239164,0.0,7623.0,8033.0,-0.4508185273029316,-0.29183577082559287,-0.538527747087624,-0.5246184291037469,0.15898275647733873,0.0014757136755239163,1e-08
Louhentori,0.0017238861000872672,0.00592841163310962,12715.0,12866.0,-0.3019296026404151,-0.1510750579033372,-0.4148504594703557,-0.40810933033524394,0.15085454473707788,0.0017238961000872672,0.00592842163310962
Keilaniemi (M),0.0021523696197726376,0.01648061335761582,21619.0,21362.0,-0.04487493572027472,0.09947020271006059,-0.19858522597778772,-0.20329631499545478,0.1443451384303353,0.0021523796197726376,0.016480623357615822
Puistolan asema,0.0029263868111081086,0.035794183445190156,1447.0,1488.0,0.4194713510524328,0.5580402317238754,-0.6885338209926216,-0.6823987004548439,0.13856888067144263,0.0029263968111081086,0.03579419344519016
Tammisalon aukio,0.0015145495343866406,0.0,6926.0,7914.0,-0.42751422538131606,-0.29183577082559287,-0.5554568652080552,-0.5274871613101305,0.1356784545557232,0.0015145595343866406,1e-08
Kriikunakuja,0.0015147797805241388,0.0,20191.0,21115.0,-0.42737609674517224,-0.29183577082559287,-0.23326927285867127,-0.20925074234820054,0.13554032591957937,0.0015147897805241387,1e-08
Leppävaaran uimahalli,0.0015155033273015909,0.0,8335.0,8233.0,-0.42694202853173047,-0.29183577082559287,-0.521234300743654,-0.519797030437556,0.1351062577061376,0.0015155133273015908,1e-08
Linnuntie,0.0015209250518182875,0.0,7899.0,7940.0,-0.4236894423160562,-0.29183577082559287,-0.531824107774512,-0.5268603794835256,0.13185367149046334,0.0015209350518182875,1e-08
Teerisuontie,0.0015254967626893256,0.0,1396.0,1527.0,-0.42094679397319157,-0.29183577082559287,-0.6897725369526532,-0.6814585277149366,0.1291110231475987,0.0015255067626893256,1e-08
Käpylän asema,0.00224012102432322,0.017672253886884086,24959.0,23506.0,0.007768648063502215,0.12776381334769993,-0.11746147486983882,-0.1516109212938884,0.11999516528419771,0.00224013102432322,0.017672263886884088
Tapanilan asema,0.001718021544674175,0.004350612121007723,1044.0,1011.0,-0.305447850762196,-0.1885373999127021,-0.6983221059316945,-0.6938977362737091,0.11691045084949389,0.001718031544674175,0.004350622121007723
Esterinportti,0.003357855213506929,0.04534675615212528,64954.0,62394.0,0.6783167006860296,0.7848508899042649,0.8539590118254954,0.7858618353602689,0.10653418921823532,0.003357865213506929,0.04534676615212528
Mäntyviita,0.0015699024313222036,0.0,12454.0,12565.0,-0.39430706610647637,-0.29183577082559287,-0.42118977055992896,-0.41536553532786125,0.1024712952808835,0.0015699124313222036,1e-08
Haagan tori,0.0015788498327226317,0.0,17730.0,18096.0,-0.38893936541059737,-0.29183577082559287,-0.2930433900672528,-0.2820297552143521,0.0971035945850045,0.0015788598327226317,1e-08
Siilitie 9,0.001579628785428127,0.0,8682.0,8242.0,-0.3884720582236029,-0.29183577082559287,-0.5128061745057922,-0.5195800674975773,0.09663628739801006,0.001579638785428127,1e-08
Pohjolanaukio,0.0018541282106335699,0.006925005339898598,20779.0,20583.0,-0.22379511016322637,-0.12741252410119827,-0.2189876064959545,-0.2220756628002683,0.0963825860620281,0.0018541382106335698,0.006925015339898598
Koukkusaarentie,0.0015801604901316572,0.0,1872.0,1863.0,-0.38815307938500915,-0.29183577082559287,-0.6782111879923587,-0.673358577955736,0.09631730855941628,0.0015801704901316571,1e-08
Kiskontie,0.0015809319382692063,0.0,28099.0,27625.0,-0.38769027431799175,-0.29183577082559287,-0.04119543340907248,-0.05231421576368696,0.09585450349239888,0.0015809419382692062,1e-08
Asentajanpuisto,0.0015814606158455846,0.0,8279.0,8371.0,-0.3873731115052799,-0.29183577082559287,-0.522594459444865,-0.5164702653578843,0.09553734067968706,0.0015814706158455846,1e-08
Pukinmäen asema,0.001966629377167692,0.009476914775218373,2037.0,2244.0,-0.15630371653205277,-0.06682148999983856,-0.6742035775334331,-0.6641738134966423,0.08948222653221422,0.001966639377167692,0.009476924775218373
Keilalahti,0.0015934434865497859,0.0,15299.0,15430.0,-0.38018438032636004,-0.29183577082559287,-0.3520888508287569,-0.3462989994346767,0.08834860950076717,0.0015934534865497858,1e-08
Mustikkamaa,0.0018388067085571497,0.0061409395973154365,22676.0,22823.0,-0.23298674398816877,-0.1460289191381997,-0.17291223049242785,-0.1680759977389303,0.08695782484996906,0.0018388167085571496,0.006140949597315436
Teljäntie,0.001601832101652817,0.0,16900.0,17702.0,-0.37515190518515895,-0.29183577082559287,-0.31320288510306044,-0.29152791058674815,0.08331613435956609,0.001601842101652817,1e-08
Nelikkotie,0.0016020326518661765,0.0,11726.0,11319.0,-0.37503159164700073,-0.29183577082559287,-0.4388718336756735,-0.4454028490182305,0.08319582082140786,0.0016020426518661764,1e-08
Katariina Saksilaisen katu,0.0016222180776854413,0.0,13631.0,14160.0,-0.36292200592845925,-0.29183577082559287,-0.3926021492862595,-0.3769148809649889,0.07108623510286638,0.0016222280776854413,1e-08
Vanha Kauppahalli,0.0016259085177182397,0.0,31432.0,32973.0,-0.3607080471883044,-0.29183577082559287,0.03975829786122504,0.07660998457025753,0.06887227636271154,0.0016259185177182397,1e-08
Maistraatintori,0.0016301379670087687,0.0,29049.0,26358.0,-0.35817072748128076,-0.29183577082559287,-0.018121312584955276,-0.08285777631400627,0.0663349566556879,0.0016301479670087686,1e-08
Melkonkuja,0.001631894006768981,0.0,32108.0,32117.0,-0.3571172488877718,-0.29183577082559287,0.05617735646870212,0.05597439827896051,0.06528147806217893,0.001631904006768981,1e-08
Saunalahdentie,0.0016378844000855825,0.0,20427.0,21135.0,-0.35352350843341235,-0.29183577082559287,-0.22753717547499583,-0.20876860248158144,0.06168773760781948,0.0016378944000855825,1e-08
Hollolantie,0.001639280234418898,0.0,27821.0,26464.0,-0.35268612329923127,-0.29183577082559287,-0.04794764981865625,-0.0803024350209251,0.0608503524736384,0.001639290234418898,1e-08
Eränkävijäntori,0.0016781634278265017,0.0007606263982102908,10725.0,9903.0,-0.3293594237390656,-0.2737759057714167,-0.46318467045982226,-0.479538351574862,0.05558351796764893,0.0016781734278265017,0.0007606363982102909
Cygnaeuksenkatu,0.0016528401599272759,0.0,35821.0,34297.0,-0.34455128969448157,-0.29183577082559287,0.14636073606864652,0.10852764374044124,0.0527155188688887,0.0016528501599272758,1e-08
Ulvilantie,0.0016574241663495739,0.0,22086.0,21053.0,-0.3418012650379701,-0.29183577082559287,-0.18724247395161642,-0.2107453759347197,0.049965494212377226,0.0016574341663495738,1e-08
Sateentie,0.0016589648528518594,0.0,14498.0,14213.0,-0.3408769805848267,-0.29183577082559287,-0.3715439779657231,-0.37563721031844827,0.04904120975923382,0.0016589748528518594,1e-08
Orpaanporras,0.002006546822440969,0.008736017897091723,6871.0,6309.0,-0.13235655140756994,-0.08441290895336327,-0.5567927353610304,-0.5661788856063124,0.04794364245420667,0.002006556822440969,0.008736027897091722
Otsolahti,0.001795041486625204,0.0028554405135296167,16642.0,15652.0,-0.2592422568131733,-0.2240378736372873,-0.319469330547926,-0.3409472469152048,0.035204383175886006,0.0017950514866252039,0.0028554505135296167
Haukilahdenranta,0.0016857560584696213,0.0,11017.0,12051.0,-0.3248044734286129,-0.29183577082559287,-0.4560924143749357,-0.4277565298999718,0.03296870260302004,0.0016857660584696213,1e-08
Yhdyskunnankuja,0.001689770525225496,3.3725675356649016e-05,10313.0,10513.0,-0.3223961254586581,-0.29103500826037665,-0.47319155233301835,-0.4648330856429798,0.03136111719828144,0.001689780525225496,3.373567535664902e-05
Kalevalantie,0.001698392143808041,0.0,12529.0,12740.0,-0.317223867504196,-0.29183577082559287,-0.4193681294422355,-0.4111468114949442,0.025388096678603145,0.001698402143808041,1e-08
Pohjankulma,0.0024250338340085042,0.01835570469798658,19518.0,19279.0,0.11870103757015271,0.14399126673180637,-0.24961546582144062,-0.25351118210383294,0.02529022916165366,0.002425043834008504,0.01835571469798658
Muusantori,0.001703211940200635,0.0,17935.0,19920.0,-0.3143323883704573,-0.29183577082559287,-0.28806423767889067,-0.23805859937869112,0.022496617544864428,0.001703221940200635,1e-08
Maatullinkuja,0.0017062703059826311,0.0,876.0,866.0,-0.3124976218945185,-0.29183577082559287,-0.7024025820353279,-0.6973932503066975,0.020661851068925652,0.001706280305982631,1e-08
Rummunlyöjänkatu,0.0017175178562600561,0.0001342281879194631,10413.0,10331.0,-0.3057500221446985,-0.2886487358160324,-0.47076269750942706,-0.4692205584292135,0.017101286328666088,0.001717527856260056,0.0001342381879194631
Jämeräntaival,0.0025059962436383,0.01984193900149517,23926.0,22007.0,0.1672717859987525,0.17927953837660926,-0.1425515451975368,-0.18774730429698916,0.012007752377856756,0.0025060062436383,0.019841949001495173
Komentajankatu,0.0017220793637242964,0.0,10534.0,10769.0,-0.30301349500186925,-0.29183577082559287,-0.46782378317288165,-0.45866169535025547,0.011177724176276382,0.0017220893637242963,1e-08
Herttoniemenranta,0.0017420176205871205,0.0,13460.0,13168.0,-0.2910521902109526,-0.29183577082559287,-0.3967554910346006,-0.4008290183492957,-0.000783580614640289,0.0017420276205871205,1e-08
Tulisuontie,0.002151775428079293,0.01029082774049217,10637.0,9843.0,-0.04523140158372642,-0.04749642009262074,-0.4653220627045826,-0.48098477117471927,-0.002265018508894323,0.0021517854280792927,0.01029083774049217
Tapiolan urheilupuisto,0.0017451137145395425,0.0,11760.0,12749.0,-0.28919478995369724,-0.29183577082559287,-0.4380460230356525,-0.4109298485549656,-0.0026409808718956262,0.0017451237145395425,1e-08
Revontulentie,0.0017534319617197667,0.0,14432.0,14377.0,-0.28420452974522525,-0.29183577082559287,-0.37314702214929335,-0.37168366341217174,-0.007631241080367612,0.0017534419617197667,1e-08
Sepetlahdentie,0.0017735939644348702,0.0,12503.0,12784.0,-0.2721089959515813,-0.29183577082559287,-0.4199996316963692,-0.41008610378838223,-0.019726774874011588,0.0017736039644348702,1e-08
Päijänteentie,0.0017896814440723238,0.0,33711.0,31232.0,-0.2624578389529954,-0.29183577082559287,0.09511189929087041,0.034639709181065806,-0.029377931872597463,0.0017896914440723238,1e-08
Teollisuuskatu,0.0017906090552556708,0.0,34589.0,32620.0,-0.261901348976574,-0.29183577082559287,0.11643724464200189,0.06810021592443061,-0.029934421849018844,0.0017906190552556707,1e-08
Kuikkarinne,0.001795646667441886,0.0,31450.0,32051.0,-0.2588791983847584,-0.29183577082559287,0.04019549172947147,0.05438333671911751,-0.03295657244083444,0.001795656667441886,1e-08
Nokkala,0.001800888785105157,0.0,12223.0,12631.0,-0.2557343614237529,-0.29183577082559287,-0.42680042520242484,-0.41377447376801824,-0.03610140940183998,0.0018008987851051569,1e-08
Hauenkalliontie,0.0018013203879599568,0.0,12046.0,13072.0,-0.25547543541380074,-0.29183577082559287,-0.4310994982401814,-0.4031432897090673,-0.03636033541179212,0.0018013303879599568,1e-08
Otto Brandtin tie,0.0021925708479600993,0.009814171528784863,10576.0,11478.0,-0.020757524322290104,-0.05881386434767649,-0.4668036641469733,-0.44156983707860875,-0.03805634002538639,0.0021925808479600992,0.009814181528784863
Oulunkylän asema,0.002786160147441224,0.02480984340044743,17378.0,17455.0,0.3353469526422404,0.2972345334415074,-0.30159295904629413,-0.2974823379394939,-0.038112419200732994,0.002786170147441224,0.024809853400447432
Kustaankatu,0.0018050417837153084,0.0,39582.0,32996.0,-0.25324290580082437,-0.29183577082559287,0.23770996598391472,0.07716444541686948,-0.0385928650247685,0.0018050517837153084,1e-08
Muurarinkuja,0.0018278937037469337,0.0005592841163310962,10703.0,10554.0,-0.23953364413183778,-0.2785564582857574,-0.4637190185210123,-0.46384469891641067,-0.039022814153919644,0.0018279037037469336,0.0005592941163310962
Hertanmäenkatu,0.0018743466638780344,0.0014951716074781064,33311.0,29670.0,-0.21166571072165033,-0.25633529710100766,0.08539647999650528,-0.0030154144018850735,-0.044669586379357334,0.0018743566638780343,0.0014951816074781064
Tunnelitie,0.0018475631845610069,0.0006375838926174497,18416.0,18518.0,-0.2277335827365563,-0.2766973545301805,-0.2763814459774166,-0.2718566040286893,-0.04896377179362421,0.0018475731845610068,0.0006375938926174498
Valimotie,0.002147680743738396,0.00819910514541387,20089.0,21112.0,-0.04768787346895845,-0.0971610489916053,-0.23574670477873438,-0.2093230633281934,-0.04947317552264685,0.002147690743738396,0.00819911514541387
Puistokaari,0.001832399220175271,0.0,28667.0,28131.0,-0.2368307069788759,-0.29183577082559287,-0.027399538011073983,-0.040116077138224,-0.05500506384671697,0.001832409220175271,1e-08
Aurinkotuulenkatu,0.0018722556151281793,0.0,2191.0,2198.0,-0.21292016699642718,-0.29183577082559287,-0.6704631411051025,-0.6652827351898662,-0.07891560382916568,0.0018722656151281792,1e-08
Paciuksenkatu,0.0018788347015123961,0.0,33325.0,32374.0,-0.20897325939919797,-0.29183577082559287,0.08573651967180805,0.06216989556501581,-0.08286251142639489,0.001878844701512396,1e-08
Ulappasilta,0.001964180969423311,0.0021252796420581656,2246.0,2247.0,-0.15777255864219678,-0.2413743831742182,-0.6691272709521273,-0.6641014925166494,-0.08360182453202142,0.001964190969423311,0.0021252896420581656
Puotilantie,0.0019374084399728644,0.0,6002.0,6149.0,-0.17383386164294592,-0.29183577082559287,-0.5778994837780387,-0.5700360045392651,-0.11800190918264694,0.0019374184399728643,1e-08
Haukilahdenaukio,0.0019396571253731641,0.0,13430.0,14339.0,-0.1724848364178762,-0.29183577082559287,-0.39748414748167804,-0.372599729158748,-0.11935093440771666,0.001939667125373164,1e-08
Piispanportti,0.0019428796831132637,0.0,13873.0,14061.0,-0.17055156834931554,-0.29183577082559287,-0.38672432061316864,-0.37930147330475333,-0.12128420247627733,0.0019428896831132636,1e-08
Hakalehto,0.001944021426337645,0.0,15991.0,15652.0,-0.16986661686164292,-0.29183577082559287,-0.3352811754495052,-0.3409472469152048,-0.12196915396394994,0.001944031426337645,1e-08
Heikkiläntie,0.002569229268776812,0.015604026845637584,53999.0,55153.0,0.20520637033765182,0.07865704903581598,0.5878779659010702,0.6113030966508276,-0.12654932130183583,0.002569239268776812,0.015604036845637584
Mastokatu,0.0019524592965908406,0.0,39594.0,42074.0,-0.16480459270481376,-0.29183577082559287,0.2380014285627457,0.29600773087527416,-0.1270311781207791,0.0019524692965908405,1e-08
Kulttuuriaukio,0.0019551529077549987,0.0,15826.0,14621.0,-0.16318864882645068,-0.29183577082559287,-0.33928878590843087,-0.36580155703941886,-0.1286471219991422,0.0019551629077549986,1e-08
Ehrenströmintie,0.0019583959858430165,0.0,41423.0,42196.0,-0.1612430702466174,-0.29183577082559287,0.2824251832862303,0.2989487840616506,-0.13059270057897546,0.0019584059858430165,1e-08
Matinlahdenranta,0.001993867158977323,0.0,13783.0,14417.0,-0.1399633006022656,-0.29183577082559287,-0.3889102899544008,-0.37071938367893353,-0.15187247022332725,0.001993877158977323,1e-08
Kuunkatu,0.001995326911769202,0.0,15298.0,14566.0,-0.1390875696803907,-0.29183577082559287,-0.35211313937699285,-0.36712744167262135,-0.15274820114520216,0.001995336911769202,1e-08
Matinkartanontie,0.0029791101946953957,0.024798657718120808,22783.0,23740.0,0.4511010198361576,0.2969689471907107,-0.17031335583118518,-0.14596988485444506,-0.15413207264544687,0.0029791201946953957,0.02479866771812081
Kalkkihiekantie,0.002017615693259339,0.0005033557046979866,2219.0,2464.0,-0.12571614455251182,-0.279884389539741,-0.669783061754497,-0.6588702749638323,-0.15416824498722917,0.002017625693259339,0.0005033657046979867
Puotilan ostoskeskus,0.002651364219802041,0.016498881431767337,7950.0,8458.0,0.2544805466088777,0.09990394909955266,-0.5305853918144804,-0.5143729569380913,-0.15457659750932504,0.002651374219802041,0.01649889143176734
Karhulantie,0.002024668749169018,0.00021359594392544377,5332.0,6104.0,-0.12148489444757693,-0.2867642745792236,-0.5941728110961002,-0.571120819239158,-0.16527938013164667,0.002024678749169018,0.00021360594392544376
Laajasalon ostoskeskus,0.0023095592728992124,0.007307229660607287,12300.0,12466.0,0.04942585315817248,-0.1183372150287479,-0.42493020698825956,-0.4177521276676257,-0.16776306818692038,0.0023095692728992124,0.007307239660607287
Jalavatie,0.0020232117965956475,0.0,38670.0,37125.0,-0.12235894546998537,-0.29183577082559287,0.21555880999276222,0.17670222088038048,-0.16947682535560749,0.0020232217965956475,1e-08
Otaranta,0.0021018429191088884,0.0019336053871145437,20561.0,20382.0,-0.07518677646325286,-0.245925383753197,-0.22428251001138352,-0.22692116845979016,-0.17073860728994414,0.0021018529191088884,0.0019336153871145436
Merisotilaantori,0.0020299057001932214,0.0,41326.0,43690.0,-0.11834315704261865,-0.29183577082559287,0.28006919410734676,0.33496463209809657,-0.1734926137829742,0.0020299157001932213,1e-08
Westendinasema,0.002178654335015549,0.003680089485458613,18930.0,18513.0,-0.02910628089121939,-0.20445789431347566,-0.2638971321841574,-0.27197713899534404,-0.17535161342225628,0.002178664335015549,0.003680099485458613
Matinkyläntie,0.0020578998030185256,0.0,15254.0,15041.0,-0.10154901106759803,-0.29183577082559287,-0.353181835499373,-0.355676619840418,-0.19028675975799483,0.0020579098030185255,1e-08
Länsisatamankuja,0.0020592216467891417,0.0,44837.0,45166.0,-0.1007560141504104,-0.29183577082559287,0.36534628696363675,0.3705465542545853,-0.19107975667518245,0.0020592316467891417,1e-08
Eerikinkatu,0.002060155241648107,0.0,46748.0,45593.0,-0.10019593446359794,-0.29183577082559287,0.4117617026424662,0.3808402404069029,-0.19163983636199494,0.002060165241648107,1e-08
Stenbäckinkatu,0.0020800318756795007,0.0,41243.0,39884.0,-0.08827159827399333,-0.29183577082559287,0.27805324460376596,0.24321341548048386,-0.20356417255159953,0.0020800418756795006,1e-08
Merihaka,0.002086806693146516,0.0,38025.0,38160.0,-0.0842072682182957,-0.29183577082559287,0.19989269638059842,0.20165295897791835,-0.20762850260729715,0.002086816693146516,1e-08
Kauppakeskus Columbus,0.0028876804532036856,0.019010039009364495,3679.0,3586.0,0.3962507381660396,0.15952739510127611,-0.6343217813300642,-0.6318222284465014,-0.2367233430647635,0.0028876904532036856,0.019010049009364496
Komeetankatu,0.0021467384487024997,0.0,17169.0,16125.0,-0.04825317254223589,-0.29183577082559287,-0.3066692656275999,-0.3295446390696633,-0.243582598283357,0.0021467484487024996,1e-08
Eläinmuseo,0.0021508146570993554,0.0,51234.0,46623.0,-0.04580778469506682,-0.29183577082559287,0.5207201300287713,0.40567044353778603,-0.24602798613052604,0.0021508246570993554,1e-08
Porolahden koulu,0.002153100720310082,1.1185682326621925e-05,11768.0,12652.0,-0.04443633587569764,-0.29157018457479617,-0.4378517146497652,-0.4132682269080682,-0.24713384869909852,0.0021531107203100817,1.1195682326621924e-05
Torpanranta,0.0021596438291819325,0.0,25081.0,26769.0,-0.04051101180976666,-0.29183577082559287,-0.11449827198505745,-0.07294980205498398,-0.2513247590158262,0.0021596538291819324,1e-08
Mosaiikkitori,0.0031081090989426084,0.023911503827864153,3701.0,3606.0,0.528489691374048,0.2759048879126983,-0.6337874332688741,-0.6313400885798823,-0.2525848034613497,0.0031081190989426083,0.023911513827864155
Mäkelänkatu,0.0021643874643853065,0.0,49473.0,36110.0,-0.037665223089375886,-0.29183577082559287,0.4779479965853287,0.1522336226494617,-0.254170547736217,0.0021643974643853064,1e-08
Korppaanmäentie,0.0022603478060153276,0.002293345924252133,34128.0,34287.0,0.01990304388472066,-0.23738391639089076,0.10524022390524607,0.1082865738071317,-0.25728696027561143,0.0022603578060153276,0.002293355924252133
Laivalahden puistotie,0.002257018888643481,0.002080536912751678,14893.0,15602.0,0.01790596883536266,-0.24243672817740505,-0.3619500014125375,-0.3421525965817525,-0.2603426970127677,0.0022570288886434807,0.002080546912751678
Agronominkatu,0.0021995374254162384,0.0,8595.0,9900.0,-0.016578154135833127,-0.29183577082559287,-0.5149192782023166,-0.4796106725548549,-0.27525761668975973,0.0021995474254162383,1e-08
Itälahdenkatu,0.0022027075044597786,6.745135071329803e-05,44111.0,44350.0,-0.01467636894408036,-0.2902342456951605,0.347712800944364,0.3508752476965265,-0.2755578767510801,0.0022027175044597785,6.746135071329803e-05
Gebhardinaukio,0.0023115720779234785,0.0018344519015659957,44344.0,41733.0,0.05063336967005095,-0.24827962569493262,0.3533720326833317,0.28778724614941864,-0.29891299536498356,0.0023115820779234784,0.0018344619015659956
Seurasaari,0.0027754328727269384,0.012759547176598877,47144.0,47113.0,0.32891147519221786,0.011119399681205643,0.4213799677438877,0.4174828702699537,-0.31779207551101224,0.0027754428727269384,0.012759557176598877
Länsituuli,0.00451494622240921,0.05625279642058166,39154.0,38482.0,1.3724755894761234,1.043797484431056,0.22731446733894403,0.20941541083048568,-0.32867810504506734,0.00451495622240921,0.05625280642058166
Puotinkylän kartano,0.0023225293992295065,0.00011241891785549672,6553.0,6757.0,0.05720685604527071,-0.2891665622748722,-0.5645164937000506,-0.5553789525940448,-0.3463734183201429,0.0023225393992295064,0.00011242891785549671
Majurinkulma,0.0023368956877496713,0.0,16097.0,16559.0,0.06582544075336233,-0.29183577082559287,-0.33270658933649844,-0.3190822039640291,-0.3576612115789552,0.0023369056877496712,1e-08
Tilkantori,0.0023384143945568816,0.0,33835.0,35489.0,0.06673653920765862,-0.29183577082559287,0.0981236792721236,0.13726317979093897,-0.3585723100332515,0.0023384243945568815,1e-08
Kansallismuseo,0.002344027027435848,0.0,51849.0,50611.0,0.07010365464842791,-0.29183577082559287,0.5356575871938576,0.5018091329416324,-0.3619394254740208,0.002344037027435848,1e-08
Intiankatu,0.0036857869090406513,0.03366946589772127,56163.0,56215.0,0.8750485909344002,0.5075921901152544,0.6404383842835857,0.6369047235683013,-0.3674564008191459,0.003685796909040651,0.03366947589772127
Mellstenintie,0.002560345268522736,0.005171270221352849,18987.0,19695.0,0.19987670508493255,-0.16905217749244106,-0.26251268493471036,-0.2434826728781559,-0.3689288825773736,0.002560355268522736,0.005171280221352849
Nordenskiöldinaukio,0.0023565236147449027,0.0,47366.0,46809.0,0.07760057329474183,-0.29183577082559287,0.42677202545226034,0.41015434429734354,-0.3694363441203347,0.0023565336147449026,1e-08
Karhupuisto,0.0023625303094807447,0.0,56929.0,47766.0,0.08120409325216424,-0.29183577082559287,0.6590434122322949,0.43322473691506697,-0.37303986407775713,0.0023625403094807446,1e-08
Jäähalli,0.0023652587235360183,0.0,45515.0,45692.0,0.0828409159862418,-0.29183577082559287,0.3818139226675856,0.3832268327466674,-0.37467668681183464,0.0023652687235360182,1e-08
Tenholantie,0.002425548170177855,0.0014653243847874721,41550.0,41588.0,0.11900959672499373,-0.25704397197122403,0.28550982891219123,0.2842917321164303,-0.37605356869621775,0.002425558170177855,0.001465334384787472
Leppäsuonaukio,0.0023728144191551568,0.0,57660.0,51297.0,0.08737370833763435,-0.29183577082559287,0.6767983409927472,0.5183465303666672,-0.3792094791632272,0.0023728244191551567,1e-08
Abraham Wetterin tie,0.002398994409668214,0.0,14204.0,13946.0,0.10307953699178632,-0.29183577082559287,-0.37868481114708147,-0.38207377753781313,-0.39491530781737916,0.002399004409668214,1e-08
Laivasillankatu,0.002440731200338256,0.0,54630.0,54451.0,0.128118158854959,-0.29183577082559287,0.6032040398379312,0.5943799873324975,-0.4199539296805519,0.002440741200338256,1e-08
Korjaamo,0.004840989605993497,0.06044742729306488,110121.0,110092.0,1.5680746487592336,1.143392328479822,1.9509998699969708,1.935717203260135,-0.42468232027941166,0.004840999605993497,0.060447437293064885
Designmuseo,0.00247790912977847,0.0,58908.0,56786.0,0.15042184109704862,-0.29183577082559287,0.7071104491911664,0.6506698167602762,-0.44225761192264146,0.00247791912977847,1e-08
Elimäenkatu,0.0024858701795456603,0.0,45412.0,45036.0,0.15519781240568242,-0.29183577082559287,0.37931220219928663,0.36741264512156124,-0.4470335832312753,0.0024858801795456602,1e-08
Lastenlehto,0.0025194547003884273,0.0,60807.0,56261.0,0.1753457467422215,-0.29183577082559287,0.7532344022911649,0.6380136452615252,-0.46718151756781434,0.0025194647003884273,1e-08
Agnetankuja,0.002519742849128932,0.0,16347.0,16919.0,0.17551861215036654,-0.29183577082559287,-0.32663445227752025,-0.31040368636488547,-0.46735438297595944,0.0025197528491289318,1e-08
Käpyläntie,0.0025546100839383096,0.0006520297235618809,32730.0,32860.0,0.19643606875857442,-0.2763543612314129,0.0712848334714399,0.07388589432385968,-0.4727904299899873,0.0025546200839383095,0.000652039723561881
Ritarikatu,0.002552572261400934,0.0,56833.0,56719.0,0.19521354380832168,-0.29183577082559287,0.6567117116016472,0.6490546482071023,-0.48704931463391454,0.0025525822614009337,1e-08
Tapionaukio,0.002860457942535009,0.007639821029082774,27471.0,25268.0,0.37991948365757006,-0.11044036153144074,-0.056448641701225745,-0.10913439904474664,-0.49035984518901077,0.002860467942535009,0.007639831029082774
Kesäkatu,0.0025714720330587103,0.0,50672.0,51158.0,0.20655184338148566,-0.29183577082559287,0.5070699659201882,0.5149956582936646,-0.49838761420707856,0.0025714820330587102,1e-08
Haapaniemenkatu,0.0025836032524954723,0.0,55050.0,53889.0,0.21382957152828064,-0.29183577082559287,0.6134052300970146,0.5808318570805011,-0.5056653423538735,0.0025836132524954722,1e-08
Toinen linja,0.002609975599188246,0.0,59486.0,55439.0,0.22965079797822957,-0.29183577082559287,0.721149230071524,0.6181976967434806,-0.5214865688038224,0.002609985599188246,1e-08
Rajasaarentie,0.002622040484251633,0.0,50757.0,50355.0,0.23688873098829266,-0.29183577082559287,0.5091344925202408,0.4956377426489081,-0.5287245018138855,0.002622050484251633,1e-08
Heikkilänaukio,0.0026261443702877986,0.0,53290.0,53636.0,0.23935072312950584,-0.29183577082559287,0.570657385201808,0.5747327877677697,-0.5311864939550988,0.0026261543702877986,1e-08
Kuusitie,0.0026267816317982425,0.0,52586.0,50733.0,0.23973302732040788,-0.29183577082559287,0.5535582472437254,0.5047501861280088,-0.5315687981460008,0.0026267916317982425,1e-08
Senaatintori,0.0026294457560151114,0.0,57241.0,58623.0,0.24133128146960822,-0.29183577082559287,0.6666214392818997,0.6949543635092396,-0.5331670522952011,0.0026294557560151114,1e-08
Malmin asema,0.0035784270331227345,0.023814317673378077,2968.0,2907.0,0.810641546376579,0.2735973571206003,-0.6515909391257982,-0.6481908769182195,-0.5370441892559787,0.0035784370331227344,0.02381432767337808
Roihupelto,0.0026420481168055883,0.0,12083.0,12822.0,0.24889165545501193,-0.29183577082559287,-0.4302008219554526,-0.40917003804180596,-0.5407274262806048,0.0026420581168055883,1e-08
Perämiehenkatu,0.002643681085757816,0.0,60821.0,60633.0,0.24987130174435818,-0.29183577082559287,0.7535744419664677,0.7434094201044581,-0.5417070725699511,0.002643691085757816,1e-08
Läkkitori,0.00266351242608777,0.0,14993.0,15988.0,0.2617684654598716,-0.29183577082559287,-0.35952114658894624,-0.3328472971560041,-0.5536042362854645,0.00266352242608777,1e-08
Annankatu,0.0026751787915236572,0.0,62208.0,61485.0,0.26876731965966133,-0.29183577082559287,0.7872626583696788,0.7639485784224312,-0.5606030904852541,0.002675188791523657,1e-08
Marjaniementie,0.0029541712941136542,0.006969972907040796,11148.0,12034.0,0.43613974247570897,-0.12634484068090998,-0.45291061455603115,-0.42816634878659804,-0.562484583156619,0.002954181294113654,0.006969982907040796
Kulosaari (M),0.002755482995313964,0.001843670252830146,27403.0,27158.0,0.3169431990324829,-0.24806075059377355,-0.05810026298126782,-0.06357218164924269,-0.5650039496262564,0.002755492995313964,0.001843680252830146
Kasarmitori,0.002688902585643534,0.0,61185.0,61811.0,0.27700046087581803,-0.29183577082559287,0.7624154735243399,0.7718074582483224,-0.5688362317014108,0.002688912585643534,1e-08
Pernajantie,0.0027005332753891127,0.0,54512.0,52160.0,0.2839779126125769,-0.29183577082559287,0.6003379911460935,0.5391508656112809,-0.5758136834381697,0.0027005432753891127,1e-08
Venttiilikuja,0.0027068610174278765,0.0,56297.0,53046.0,0.2877740343941692,-0.29183577082559287,0.643693049747198,0.5605096617025066,-0.579609805219762,0.0027068710174278764,1e-08
Siilitie (M),0.004021823136633906,0.03206935123042506,20474.0,21873.0,1.0766425299977092,0.46960001020857145,-0.22639561370790792,-0.19097764140333706,-0.6070425197891377,0.004021833136633906,0.03206936123042506
Velodrominrinne,0.002782247563097459,0.0,43476.0,43311.0,0.3329997256916638,-0.29183577082559287,0.33228957281455934,0.3258280816256648,-0.6248354965172567,0.002782257563097459,1e-08
Paavalinpuisto,0.002834335989889659,0.0,48936.0,47897.0,0.36424847292305046,-0.29183577082559287,0.4649050461826435,0.436382753041422,-0.6560842437486434,0.002834345989889659,1e-08
Vihdintie,0.002868848428698653,0.0,40866.0,41120.0,0.3849530812803615,-0.29183577082559287,0.2688964619188268,0.27300965923754356,-0.6767888521059544,0.002868858428698653,1e-08
Rautatieläisenkatu,0.0037083243246212407,0.021107382550335573,54126.0,53561.0,0.8885691759491126,0.20932548442779678,0.5909626115270312,0.5729247632679481,-0.6792436915213158,0.0037083343246212407,0.021107392550335575
Sammonpuistikko,0.002882033986456926,0.0,67801.0,66693.0,0.3928633252033901,-0.29183577082559287,0.9231085086531392,0.8894977996900421,-0.6846990960289829,0.002882043986456926,1e-08
Salmisaarenranta,0.0029059154726760734,0.0,58416.0,67745.0,0.40719024141741045,-0.29183577082559287,0.6951604834590973,0.9148583566742061,-0.6990260122430033,0.0029059254726760734,1e-08
Arielinkatu,0.0029865047980350626,0.0,52971.0,54818.0,0.45553717014569656,-0.29183577082559287,0.5629093383145518,0.6032272538849579,-0.7473729409712895,0.0029865147980350625,1e-08
Lauttasaarensilta,0.0029876979356166233,0.0,65491.0,66539.0,0.4562529539962475,-0.29183577082559287,0.8670019622281806,0.8857853227170751,-0.7480887248218404,0.0029877079356166233,1e-08
Puotinharju,0.0029951170029540904,0.00011241891785549672,8796.0,8781.0,0.4607037806807628,-0.2891665622748722,-0.5100372800068982,-0.506586398092193,-0.749870342955635,0.0029951270029540903,0.00011242891785549671
Ratapihantie,0.0030956558526772887,0.0,65121.0,60256.0,0.5210187737687295,-0.29183577082559287,0.8580151993808929,0.7343210836186883,-0.8128545445943224,0.0030956658526772886,1e-08
Paciuksenkaari,0.0031507168076578143,0.0008881094510584241,46152.0,46975.0,0.5540507920204857,-0.2707490232748994,0.39728572789386213,0.41415610519028195,-0.824799815295385,0.0031507268076578143,0.0008881194510584242
Erottajan aukio,0.003116626522814768,0.0,69070.0,72166.0,0.5335994411214439,-0.29183577082559287,0.9539306763645127,1.021435374190356,-0.8254352119470367,0.003116636522814768,1e-08
Uimastadion,0.003118670419248599,0.0,62524.0,62436.0,0.5348256099071267,-0.29183577082559287,0.7949378396122273,0.786874329080169,-0.8266613807327196,0.003118680419248599,1e-08
Töölöntori,0.0031341871288962497,0.0,71668.0,70572.0,0.5441343521269025,-0.29183577082559287,1.0170323246814141,0.9830088268208145,-0.8359701229524954,0.0031341971288962496,1e-08
Pasilan asema,0.0031697683289371704,0.0008768675592728745,65948.0,55711.0,0.5654801288136087,-0.2710159441299715,0.8781018287719927,0.6247547989295003,-0.8364960729435802,0.0031697783289371703,0.0008768775592728745
Kapteeninpuistikko,0.0031506837820134575,0.0,76574.0,74989.0,0.5540309793658095,-0.29183577082559287,1.1361919423268028,1.0894894163636404,-0.8458667501914023,0.0031506937820134574,1e-08
Kalevankatu,0.003187260252581679,0.0,75220.0,73670.0,0.5759738360384123,-0.29183577082559287,1.1033052480153767,1.0576922921601113,-0.8678096068640052,0.003187270252581679,1e-08
Puotila (M),0.0039014448017148603,0.016420581655480986,10943.0,11502.0,1.00442548694845,0.09804484534397574,-0.45788976694439326,-0.44099126923866583,-0.9063806416044742,0.0039014548017148602,0.016420591655480987
Ratsutori,0.004031705060505316,0.019246118736861037,28120.0,28002.0,1.0825708668708767,0.16513273305778955,-0.04068537389611831,-0.04322587927791712,-0.9174381338130871,0.004031715060505316,0.01924612873686104
Albertinkatu,0.003294708541813911,0.0,79300.0,78620.0,0.6404339212711218,-0.29183577082559287,1.202402524817901,1.177021909148336,-0.9322696920967146,0.003294718541813911,1e-08
Munkkiniemen aukio,0.003343172941559487,0.0007718120805369128,51886.0,54099.0,0.6695085520602622,-0.27351031952062,0.5365562634785864,0.5858943256800015,-0.9430188715808822,0.0033431829415594867,0.0007718220805369129
Gyldenintie,0.004005011541937668,0.014731543624161075,82873.0,81942.0,1.0665569638638908,0.0579413214736727,1.2891855076648178,1.2571053409937667,-1.0086156423902182,0.004005021541937668,0.014731553624161075
Brahen puistikko,0.003446944676003384,0.0,71414.0,69687.0,0.7317630085508836,-0.29183577082559287,1.0108630334294924,0.9616741377229198,-1.0235987793764765,0.003446954676003384,1e-08
Töölöntulli,0.0035331811906003166,0.0019015659955257272,71319.0,68725.0,0.7834977836767639,-0.24668610819015238,1.0085556213470805,0.9384832101385415,-1.0301838918669164,0.0035331911906003165,0.0019015759955257271
Hietaniemenkatu,0.003486868935988111,0.0,78412.0,80067.0,0.7557142619385119,-0.29183577082559287,1.1808342939844105,1.2119047284982272,-1.0475500327641047,0.003486878935988111,1e-08
Koskelantie,0.0036482462467107416,0.002090991872112239,55504.0,55631.0,0.8525272989643795,-0.24218849178218801,0.6244322309961191,0.6228262394630238,-1.0947157907465674,0.0036482562467107416,0.002091001872112239
Töölönlahden puisto,0.0036046830477483825,0.0,77751.0,77892.0,0.8263929832094407,-0.29183577082559287,1.164779563600472,1.159472018003401,-1.1182287540350335,0.0036046930477483825,1e-08
Niittymaa,0.0038171603594578797,0.003597405371375895,31757.0,32104.0,0.9538617937477715,-0.20642109720253074,0.047652076037896715,0.0556610073656581,-1.1602828909503022,0.0038171703594578796,0.003597415371375895
Leppävaarankäytävä,0.005572333082962861,0.04787921711465605,33044.0,35009.0,2.0068202369550634,0.8449801509263497,0.07891143761751654,0.12569182299208081,-1.1618400860287137,0.005572343082962861,0.04787922711465605
Eteläesplanadi,0.003722756323109579,0.0,80088.0,87323.0,0.8972271812024669,-0.29183577082559287,1.2215419008278003,1.3868250721076327,-1.1890629520280598,0.0037227663231095788,1e-08
Viiskulma,0.003739501400644427,1.1185682326621925e-05,92837.0,90662.0,0.9072728425418646,-0.29157018457479617,1.5311966022874532,1.4673183228396898,-1.1988430271166608,0.003739511400644427,1.1195682326621924e-05
Arabiankatu,0.0037483303951079444,0.0,54604.0,61660.0,0.9125695088704219,-0.29183577082559287,0.6025725375837975,0.7681673022553483,-1.2044052796960147,0.0037483403951079444,1e-08
Lauttasaaren ostoskeskus,0.003986641628607945,0.0049328859060402686,77836.0,76762.0,1.0555365354567703,-0.17471223422424428,1.1668440902005246,1.1322311155394227,-1.2302487696810145,0.003986651628607945,0.0049328959060402685
Teurastamo,0.0038761238400116423,0.0,69453.0,74018.0,0.9892350045198662,-0.29183577082559287,0.9632331903388672,1.0660815258392835,-1.281070775345459,0.003876133840011642,1e-08
Hernesaarenranta,0.0038814931585517123,0.0,86248.0,94912.0,0.9924561514846767,-0.29183577082559287,1.3711593579610235,1.569773044496246,-1.2842919223102696,0.0038815031585517122,1e-08
Kauppakorkeakoulu,0.003920345654455694,1.1241891785549672e-05,97305.0,95062.0,1.0157644350820192,-0.2915688499705208,1.6397178358055118,1.5733890934958894,-1.30733328505254,0.003920355654455694,1.1251891785549672e-05
Isoisänsilta,0.003972396400009951,0.00014541387024608502,72377.0,75410.0,1.0469905766876968,-0.28838314956523564,1.0342529053806764,1.0996384605559721,-1.3353737262529324,0.003972406400009951,0.000145423870246085
Marian sairaala,0.003983715143793594,0.0,94935.0,93514.0,1.0537808866519986,-0.29183577082559287,1.5821539764863983,1.536071467819572,-1.3456166574775916,0.003983725143793594,1e-08
Töölönkatu,0.004098481724496559,0.0018903803131991052,96217.0,95824.0,1.1226313413855358,-0.24695169444094905,1.6132918953248387,1.5917586224140767,-1.3695830358264849,0.004098491724496559,0.0018903903131991051
Piispansilta,0.0066623452325712314,0.06497762863534676,55340.0,54382.0,2.660737359047011,1.2509547600524888,0.6204489090854294,0.5927166047926617,-1.409782598994522,0.006662355232571231,0.06497763863534675
Verkatehtaanpuisto,0.004116314429244651,0.0,54134.0,56640.0,1.1333294890824925,-0.29183577082559287,0.5911569199129185,0.6471501957339569,-1.4251652599080855,0.004116324429244651,1e-08
Fleminginkatu,0.004402613899026835,0.0065995525727069355,90797.0,88747.0,1.3050854877690035,-0.13513988285553466,1.481647963886191,1.421153430610912,-1.440225370624538,0.004402623899026835,0.0065995625727069355
Leppävaaranaukio,0.00484017777398787,0.016907805245466707,33400.0,34157.0,1.567587616711992,0.1096131952027992,0.08755816078950152,0.10515266467410762,-1.4579744215091928,0.00484018777398787,0.01690781524546671
Linnanmäki,0.0044183405042565686,0.005924476970984677,97087.0,92234.0,1.3145201499751067,-0.15116848020261242,1.634422932290083,1.50521451635595,-1.465688630177719,0.0044183505042565685,0.005924486970984677
Messeniuksenkatu,0.004210367109237464,1.1241891785549672e-05,92143.0,91530.0,1.189753316879304,-0.2915688499705208,1.5143403498117298,1.488243193050958,-1.4813221668498247,0.004210377109237464,1.1251891785549672e-05
Brahen kenttä,0.004239139213505406,0.0,98823.0,91676.0,1.2070141993622947,-0.29183577082559287,1.6765878520276276,1.4917628140772776,-1.4988499701878877,0.004239149213505406,1e-08
Länsisatamankatu,0.004292746520616323,0.0,103596.0,104014.0,1.2391741491405284,-0.29183577082559287,1.7925170927576395,1.7891948977945937,-1.5310099199661211,0.004292756520616323,1e-08
Itäkeskus (M),0.005487464129377369,0.0296420581655481,22447.0,22133.0,1.955905885309057,0.4119677937856856,-0.17847430803845188,-0.1847098231372889,-1.5439380915233714,0.005487474129377369,0.0296420681655481
Varsapuistikko,0.004418374175259341,0.0,100741.0,98783.0,1.3145403497914472,-0.29183577082559287,1.7231732875441084,1.663091215680371,-1.60637612061704,0.004418384175259341,1e-08
Vanha kirkkopuisto,0.004424734286799698,0.0,106671.0,106579.0,1.3183558905963348,-0.29183577082559287,1.8672043785830716,1.851029335688492,-1.6101916614219278,0.004424744286799698,1e-08
Olympiastadion,0.004452601932279424,0.0005033557046979866,96952.0,99488.0,1.335074172624777,-0.279884389539741,1.6311439782782347,1.6800866459786938,-1.614958562164518,0.004452611932279424,0.0005033657046979867
Rautatientori / länsi,0.007840789840760564,0.08600671140939598,186421.0,190478.0,3.367706641003007,1.7502569115503015,3.8042161003971215,3.8735819691622413,-1.6174497294527057,0.007840799840760564,0.08600672140939597
Kaivopuisto,0.0047619485836088975,0.004597315436241611,109973.0,116219.0,1.5206565737373057,-0.18267982174814554,1.9474051648580557,2.083420751398893,-1.7033363954854512,0.0047619585836088975,0.004597325436241611
Kiasma,0.004608498166513946,0.0,106933.0,106419.0,1.4285990171618197,-0.29183577082559287,1.8735679782208807,1.8471722167555393,-1.7204347879874127,0.004608508166513946,1e-08
Kaisaniemenpuisto,0.004697549868913721,0.0020797499803266893,104422.0,104960.0,1.4820226720922458,-0.24245541263726006,1.8125794336005037,1.8120001134856767,-1.7244780847295058,0.004697559868913721,0.0020797599803266892
Sepänkatu,0.004731205557343968,0.0009843400447427293,118393.0,117803.0,1.5022133010941683,-0.2684641807554825,2.151914741004442,2.121606228835125,-1.770677481849651,0.004731215557343968,0.0009843500447427292
Kanavaranta,0.006016385270315502,0.03125279642058166,134352.0,140267.0,2.2732148166086947,0.4502122139004117,2.5395356823013753,2.663145727021686,-1.823002602708283,0.006016395270315502,0.03125280642058166
Jätkäsaarenlaituri,0.004812513078482454,0.0,117044.0,116694.0,1.5509910878797666,-0.29183577082559287,2.1191494894341956,2.0948715732310963,-1.8428268587053593,0.004812523078482454,1e-08
Herttoniemi (M),0.005179809586609248,0.008847368835227592,36925.0,36006.0,1.7713386093592192,-0.08176905788387444,0.1731752933210943,0.14972649534304244,-1.8531076672430935,0.005179819586609248,0.008847378835227591
Mannerheimintie,0.00485708297136689,0.0,116286.0,117739.0,1.577729336712505,-0.29183577082559287,2.1007387698713735,2.120063381261944,-1.8695651075380977,0.00485709297136689,1e-08
Liisanpuistikko,0.004858063417103596,0.0,106914.0,109692.0,1.5783175230503768,-0.29183577082559287,1.8731064958043984,1.9260744059277533,-1.8701532938759695,0.004858073417103596,1e-08
Tyynenmerenkatu,0.004897321701249596,0.0,121835.0,122999.0,1.6018692460254318,-0.29183577082559287,2.235515924032454,2.2468661661827642,-1.8937050168510248,0.004897331701249596,1e-08
Itämerentori,0.013632717517220398,0.21980984340044743,336039.0,338333.0,6.8423841286953255,4.927199643580533,7.438220110357929,7.437921468110513,-1.9151844851147928,0.013632727517220397,0.21980985340044742
Näkinsilta,0.004987099842483954,5.592841163310962e-05,104105.0,103746.0,1.6557287041643423,-0.29050783957160936,1.8048799638097193,1.782734223581898,-1.9462365437359517,0.004987109842483954,5.593841163310962e-05
Vilhonvuorenkatu,0.005284479954171384,0.0042719188785088754,100149.0,103376.0,1.8341321713843124,-0.19040584589820658,1.708794466988448,1.773814636049445,-2.024538017282519,0.005284489954171384,0.004271928878508875
Urheilupuisto (M),0.006097798367011128,0.02400447427293065,48383.0,48849.0,2.3220559399951863,0.2781123233841444,0.4514734790081837,0.45933261069249065,-2.043943616611042,0.006097808367011128,0.024004484272930653
Hakaniemi (M),0.005404166205011241,0.0061155891313390215,120030.0,121182.0,1.905934021236439,-0.14663082566638724,2.1916750944666314,2.20306375930042,-2.0525648469028264,0.005404176205011241,0.0061155991313390215
Töölönlahdenkatu,0.010572079833608366,0.1351612649376637,260328.0,261945.0,5.006254699722605,2.9173536697058946,5.599309834868732,5.596436461545564,-2.088901030016711,0.010572089833608366,0.1351612749376637
Baana,0.005297268154006288,0.0,126738.0,128342.0,1.8418040334234478,-0.29183577082559287,2.3546026760331347,2.375669831550054,-2.1336398042490408,0.005297278154006288,1e-08
Apollonkatu,0.005361728878907514,0.00010067114093959733,127987.0,129391.0,1.8804751360625473,-0.2894454945684225,2.38493907277979,2.4009580675542255,-2.16992063063097,0.005361738878907514,0.00010068114093959732
Porthania,0.005434357496536774,0.0019111216035434442,129496.0,131061.0,1.9240462986763824,-0.24645922546334112,2.421590492067782,2.441216746416919,-2.1705055241397235,0.005434367496536774,0.0019111316035434441
Narinkka,0.005508632349863504,0.0,130748.0,129787.0,1.9686050665292611,-0.29183577082559287,2.451999754459145,2.4105044369132833,-2.260440837354854,0.005508642349863504,1e-08
Unioninkatu,0.006075798906301697,0.007225950782997763,127468.0,149355.0,2.3088580834026207,-0.12026705281091896,2.372333316245351,2.8822300824134004,-2.4291251362135395,0.006075808906301697,0.007225960782997763
Hietalahdentori,0.0062755605628691535,0.01145413870246085,154608.0,155917.0,2.4286985527165124,-0.019875450009763002,3.0315245153680257,3.0404201726511233,-2.4485740027262755,0.0062755705628691535,0.01145414870246085
Rautatientori / itä,0.007270560280113216,0.024900790304992523,171295.0,174311.0,3.0256160749811127,0.2993939231590404,3.436827519780704,3.4838442079807,-2.726222151822072,0.007270570280113216,0.024900800304992525
Suomenlahdentie,0.008228492184671359,0.019448472789000932,62999.0,65649.0,3.600295975947153,0.1699373084490868,0.8064749000242858,0.8643300986525256,-3.430358667498066,0.008228502184671358,0.019448482789000934
Ympyrätalo,0.008237238284854726,0.018616572796870255,190742.0,195583.0,3.605542912564777,0.15018516517375366,3.9091669173245007,3.9966481701167638,-3.455357747391023,0.008237248284854726,0.018616582796870257
Kamppi (M),0.008299309710903112,0.012651006711409396,214924.0,208856.0,3.642780633539068,0.008542278825484832,4.496512590765345,4.316620292598523,-3.6342383547135833,0.008299319710903112,0.012651016711409396
